timestamp,symbol,bid,ask
2026-05-11T00:00:00+00:00,AUDUSD,0.7233500000,0.7233700000
2026-05-11T00:15:00+00:00,AUDUSD,0.7237600000,0.7237600000
2026-05-11T00:30:00+00:00,AUDUSD,0.7237800000,0.7237900000
2026-05-11T00:45:00+00:00,AUDUSD,0.7237900000,0.7238100000
2026-05-11T01:00:00+00:00,AUDUSD,0.7234300000,0.7234300000
2026-05-11T01:15:00+00:00,AUDUSD,0.7236000000,0.7236000000
2026-05-11T01:30:00+00:00,AUDUSD,0.7230200000,0.7230300000
2026-05-11T01:45:00+00:00,AUDUSD,0.7233600000,0.7233600000
2026-05-11T02:00:00+00:00,AUDUSD,0.7234500000,0.7234600000
2026-05-11T02:15:00+00:00,AUDUSD,0.7236500000,0.7236500000
2026-05-11T02:30:00+00:00,AUDUSD,0.7232500000,0.7232600000
2026-05-11T02:45:00+00:00,AUDUSD,0.7229900000,0.7230000000
2026-05-11T03:00:00+00:00,AUDUSD,0.7231400000,0.7231500000
2026-05-11T03:15:00+00:00,AUDUSD,0.7231600000,0.7231700000
2026-05-11T03:30:00+00:00,AUDUSD,0.7232500000,0.7232500000
2026-05-11T03:45:00+00:00,AUDUSD,0.7229200000,0.7229200000
2026-05-11T04:00:00+00:00,AUDUSD,0.7228100000,0.7228100000
2026-05-11T04:15:00+00:00,AUDUSD,0.7226100000,0.7226300000
2026-05-11T04:30:00+00:00,AUDUSD,0.7226000000,0.7226000000
2026-05-11T04:45:00+00:00,AUDUSD,0.7227100000,0.7227300000
2026-05-11T05:00:00+00:00,AUDUSD,0.7230900000,0.7231100000
2026-05-11T05:15:00+00:00,AUDUSD,0.7231200000,0.7231300000
2026-05-11T05:30:00+00:00,AUDUSD,0.7227500000,0.7227700000
2026-05-11T05:45:00+00:00,AUDUSD,0.7229600000,0.7229700000
2026-05-11T06:00:00+00:00,AUDUSD,0.7238200000,0.7238300000
2026-05-11T06:15:00+00:00,AUDUSD,0.7237600000,0.7237700000
2026-05-11T06:30:00+00:00,AUDUSD,0.7239900000,0.7239900000
2026-05-11T06:45:00+00:00,AUDUSD,0.7241100000,0.7241300000
2026-05-11T07:00:00+00:00,AUDUSD,0.7240200000,0.7240200000
2026-05-11T07:15:00+00:00,AUDUSD,0.7239800000,0.7239900000
2026-05-11T07:30:00+00:00,AUDUSD,0.7239200000,0.7239200000
2026-05-11T07:45:00+00:00,AUDUSD,0.7240300000,0.7240500000
2026-05-11T08:00:00+00:00,AUDUSD,0.7242200000,0.7242300000
2026-05-11T08:15:00+00:00,AUDUSD,0.7242900000,0.7243000000
2026-05-11T08:30:00+00:00,AUDUSD,0.7241600000,0.7241700000
2026-05-11T08:45:00+00:00,AUDUSD,0.7238300000,0.7238400000
2026-05-11T09:00:00+00:00,AUDUSD,0.7239000000,0.7239100000
2026-05-11T09:15:00+00:00,AUDUSD,0.7237900000,0.7237900000
2026-05-11T09:30:00+00:00,AUDUSD,0.7240100000,0.7240100000
2026-05-11T09:45:00+00:00,AUDUSD,0.7236600000,0.7236700000
2026-05-11T10:00:00+00:00,AUDUSD,0.7237600000,0.7237700000
2026-05-11T10:15:00+00:00,AUDUSD,0.7239500000,0.7239500000
2026-05-11T10:30:00+00:00,AUDUSD,0.7241600000,0.7241700000
2026-05-11T10:45:00+00:00,AUDUSD,0.7242600000,0.7242700000
2026-05-11T11:00:00+00:00,AUDUSD,0.7245500000,0.7245600000
2026-05-11T11:15:00+00:00,AUDUSD,0.7246600000,0.7246600000
2026-05-11T11:30:00+00:00,AUDUSD,0.7245700000,0.7245800000
2026-05-11T11:45:00+00:00,AUDUSD,0.7243200000,0.7243300000
2026-05-11T12:00:00+00:00,AUDUSD,0.7240900000,0.7241000000
2026-05-11T12:15:00+00:00,AUDUSD,0.7243900000,0.7244000000
2026-05-11T12:30:00+00:00,AUDUSD,0.7242900000,0.7243000000
2026-05-11T12:45:00+00:00,AUDUSD,0.7243500000,0.7243500000
2026-05-11T13:00:00+00:00,AUDUSD,0.7249400000,0.7249400000
2026-05-11T13:15:00+00:00,AUDUSD,0.7250800000,0.7250800000
2026-05-11T13:30:00+00:00,AUDUSD,0.7255400000,0.7255500000
2026-05-11T13:45:00+00:00,AUDUSD,0.7254200000,0.7254300000
2026-05-11T14:00:00+00:00,AUDUSD,0.7254300000,0.7254400000
2026-05-11T14:15:00+00:00,AUDUSD,0.7256700000,0.7256800000
2026-05-11T14:30:00+00:00,AUDUSD,0.7258700000,0.7258700000
2026-05-11T14:45:00+00:00,AUDUSD,0.7255900000,0.7256000000
2026-05-11T15:00:00+00:00,AUDUSD,0.7254600000,0.7254600000
2026-05-11T15:15:00+00:00,AUDUSD,0.7258000000,0.7258100000
2026-05-11T15:30:00+00:00,AUDUSD,0.7256800000,0.7257000000
2026-05-11T15:45:00+00:00,AUDUSD,0.7257600000,0.7257700000
2026-05-11T16:00:00+00:00,AUDUSD,0.7257500000,0.7257500000
2026-05-11T16:15:00+00:00,AUDUSD,0.7254000000,0.7254100000
2026-05-11T16:30:00+00:00,AUDUSD,0.7250100000,0.7250300000
2026-05-11T16:45:00+00:00,AUDUSD,0.7250500000,0.7250700000
2026-05-11T17:00:00+00:00,AUDUSD,0.7250300000,0.7250400000
2026-05-11T17:15:00+00:00,AUDUSD,0.7251700000,0.7251800000
2026-05-11T17:30:00+00:00,AUDUSD,0.7253700000,0.7253700000
2026-05-11T17:45:00+00:00,AUDUSD,0.7252500000,0.7252500000
2026-05-11T18:00:00+00:00,AUDUSD,0.7253500000,0.7253600000
2026-05-11T18:15:00+00:00,AUDUSD,0.7253600000,0.7253600000
2026-05-11T18:30:00+00:00,AUDUSD,0.7250500000,0.7250600000
2026-05-11T18:45:00+00:00,AUDUSD,0.7248900000,0.7249000000
2026-05-11T19:00:00+00:00,AUDUSD,0.7248500000,0.7248600000
2026-05-11T19:15:00+00:00,AUDUSD,0.7247900000,0.7248100000
2026-05-11T19:30:00+00:00,AUDUSD,0.7248000000,0.7248100000
2026-05-11T19:45:00+00:00,AUDUSD,0.7249000000,0.7249100000
2026-05-11T20:00:00+00:00,AUDUSD,0.7248200000,0.7248300000
2026-05-11T20:15:00+00:00,AUDUSD,0.7248600000,0.7248800000
2026-05-11T20:30:00+00:00,AUDUSD,0.7249700000,0.7250200000
2026-05-11T20:45:00+00:00,AUDUSD,0.7249000000,0.7250200000
2026-05-11T21:00:00+00:00,AUDUSD,0.7246400000,0.7249500000
2026-05-11T21:15:00+00:00,AUDUSD,0.7245300000,0.7249000000
2026-05-11T21:30:00+00:00,AUDUSD,0.7245500000,0.7248200000
2026-05-11T21:45:00+00:00,AUDUSD,0.7249300000,0.7251600000
2026-05-11T22:00:00+00:00,AUDUSD,0.7251500000,0.7251600000
2026-05-11T22:15:00+00:00,AUDUSD,0.7250800000,0.7251000000
2026-05-11T22:30:00+00:00,AUDUSD,0.7250800000,0.7250900000
2026-05-11T22:45:00+00:00,AUDUSD,0.7249800000,0.7249900000
2026-05-11T23:00:00+00:00,AUDUSD,0.7250900000,0.7251000000
2026-05-11T23:15:00+00:00,AUDUSD,0.7248300000,0.7248500000
2026-05-11T23:30:00+00:00,AUDUSD,0.7248100000,0.7248200000
2026-05-11T23:45:00+00:00,AUDUSD,0.7245800000,0.7246000000
2026-05-12T00:00:00+00:00,AUDUSD,0.7241500000,0.7241600000
2026-05-12T00:15:00+00:00,AUDUSD,0.7239100000,0.7239200000
2026-05-12T00:30:00+00:00,AUDUSD,0.7237000000,0.7237100000
2026-05-12T00:45:00+00:00,AUDUSD,0.7234800000,0.7235000000
2026-05-12T01:00:00+00:00,AUDUSD,0.7235400000,0.7235500000
2026-05-12T01:15:00+00:00,AUDUSD,0.7230400000,0.7230600000
2026-05-12T01:30:00+00:00,AUDUSD,0.7229200000,0.7229400000
2026-05-12T01:45:00+00:00,AUDUSD,0.7231700000,0.7231800000
2026-05-12T02:00:00+00:00,AUDUSD,0.7233600000,0.7233700000
2026-05-12T02:15:00+00:00,AUDUSD,0.7230600000,0.7230700000
2026-05-12T02:30:00+00:00,AUDUSD,0.7231900000,0.7232000000
2026-05-12T02:45:00+00:00,AUDUSD,0.7235100000,0.7235200000
2026-05-12T03:00:00+00:00,AUDUSD,0.7232700000,0.7232800000
2026-05-12T03:15:00+00:00,AUDUSD,0.7229600000,0.7229700000
2026-05-12T03:30:00+00:00,AUDUSD,0.7231200000,0.7231300000
2026-05-12T03:45:00+00:00,AUDUSD,0.7229100000,0.7229200000
2026-05-12T04:00:00+00:00,AUDUSD,0.7231100000,0.7231200000
2026-05-12T04:15:00+00:00,AUDUSD,0.7233500000,0.7233500000
2026-05-12T04:30:00+00:00,AUDUSD,0.7234500000,0.7234600000
2026-05-12T04:45:00+00:00,AUDUSD,0.7232000000,0.7232200000
2026-05-12T05:00:00+00:00,AUDUSD,0.7228100000,0.7228200000
2026-05-12T05:15:00+00:00,AUDUSD,0.7229500000,0.7229500000
2026-05-12T05:30:00+00:00,AUDUSD,0.7228700000,0.7228800000
2026-05-12T05:45:00+00:00,AUDUSD,0.7230200000,0.7230300000
2026-05-12T06:00:00+00:00,AUDUSD,0.7224700000,0.7224800000
2026-05-12T06:15:00+00:00,AUDUSD,0.7218900000,0.7218900000
2026-05-12T06:30:00+00:00,AUDUSD,0.7215900000,0.7216000000
2026-05-12T06:45:00+00:00,AUDUSD,0.7212300000,0.7212500000
2026-05-12T07:00:00+00:00,AUDUSD,0.7216800000,0.7217000000
2026-05-12T07:15:00+00:00,AUDUSD,0.7219400000,0.7219500000
2026-05-12T07:30:00+00:00,AUDUSD,0.7217800000,0.7217900000
2026-05-12T07:45:00+00:00,AUDUSD,0.7217200000,0.7217300000
2026-05-12T08:00:00+00:00,AUDUSD,0.7215400000,0.7215400000
2026-05-12T08:15:00+00:00,AUDUSD,0.7220200000,0.7220300000
2026-05-12T08:30:00+00:00,AUDUSD,0.7216200000,0.7216200000
2026-05-12T08:45:00+00:00,AUDUSD,0.7217700000,0.7217700000
2026-05-12T09:00:00+00:00,AUDUSD,0.7217900000,0.7217900000
2026-05-12T09:15:00+00:00,AUDUSD,0.7218900000,0.7218900000
2026-05-12T09:30:00+00:00,AUDUSD,0.7221800000,0.7221800000
2026-05-12T09:45:00+00:00,AUDUSD,0.7223400000,0.7223500000
2026-05-12T10:00:00+00:00,AUDUSD,0.7226700000,0.7226700000
2026-05-12T10:15:00+00:00,AUDUSD,0.7226500000,0.7226500000
2026-05-12T10:30:00+00:00,AUDUSD,0.7224500000,0.7224500000
2026-05-12T10:45:00+00:00,AUDUSD,0.7224500000,0.7224600000
2026-05-12T11:00:00+00:00,AUDUSD,0.7225500000,0.7225700000
2026-05-12T11:15:00+00:00,AUDUSD,0.7225500000,0.7225600000
2026-05-12T11:30:00+00:00,AUDUSD,0.7229800000,0.7229900000
2026-05-12T11:45:00+00:00,AUDUSD,0.7228700000,0.7228800000
2026-05-12T12:00:00+00:00,AUDUSD,0.7225500000,0.7225600000
2026-05-12T12:15:00+00:00,AUDUSD,0.7219900000,0.7224500000
2026-05-12T12:30:00+00:00,AUDUSD,0.7227000000,0.7227100000
2026-05-12T12:45:00+00:00,AUDUSD,0.7230800000,0.7230900000
2026-05-12T13:00:00+00:00,AUDUSD,0.7225600000,0.7225700000
2026-05-12T13:15:00+00:00,AUDUSD,0.7225700000,0.7225800000
2026-05-12T13:30:00+00:00,AUDUSD,0.7225100000,0.7225200000
2026-05-12T13:45:00+00:00,AUDUSD,0.7217700000,0.7217800000
2026-05-12T14:00:00+00:00,AUDUSD,0.7229800000,0.7229900000
2026-05-12T14:15:00+00:00,AUDUSD,0.7225600000,0.7225700000
2026-05-12T14:30:00+00:00,AUDUSD,0.7227800000,0.7227900000
2026-05-12T14:45:00+00:00,AUDUSD,0.7230200000,0.7230300000
2026-05-12T15:00:00+00:00,AUDUSD,0.7223200000,0.7223300000
2026-05-12T15:15:00+00:00,AUDUSD,0.7217900000,0.7218000000
2026-05-12T15:30:00+00:00,AUDUSD,0.7225200000,0.7225300000
2026-05-12T15:45:00+00:00,AUDUSD,0.7222400000,0.7222500000
2026-05-12T16:00:00+00:00,AUDUSD,0.7224400000,0.7224600000
2026-05-12T16:15:00+00:00,AUDUSD,0.7222200000,0.7222300000
2026-05-12T16:30:00+00:00,AUDUSD,0.7218200000,0.7218300000
2026-05-12T16:45:00+00:00,AUDUSD,0.7215600000,0.7215700000
2026-05-12T17:00:00+00:00,AUDUSD,0.7220100000,0.7220200000
2026-05-12T17:15:00+00:00,AUDUSD,0.7222400000,0.7222500000
2026-05-12T17:30:00+00:00,AUDUSD,0.7223200000,0.7223300000
2026-05-12T17:45:00+00:00,AUDUSD,0.7225500000,0.7225500000
2026-05-12T18:00:00+00:00,AUDUSD,0.7226400000,0.7226500000
2026-05-12T18:15:00+00:00,AUDUSD,0.7230800000,0.7230900000
2026-05-12T18:30:00+00:00,AUDUSD,0.7234100000,0.7234200000
2026-05-12T18:45:00+00:00,AUDUSD,0.7234800000,0.7234900000
2026-05-12T19:00:00+00:00,AUDUSD,0.7239100000,0.7239300000
2026-05-12T19:15:00+00:00,AUDUSD,0.7237100000,0.7237200000
2026-05-12T19:30:00+00:00,AUDUSD,0.7239400000,0.7239500000
2026-05-12T19:45:00+00:00,AUDUSD,0.7238700000,0.7238900000
2026-05-12T20:00:00+00:00,AUDUSD,0.7238100000,0.7238100000
2026-05-12T20:15:00+00:00,AUDUSD,0.7237800000,0.7237900000
2026-05-12T20:30:00+00:00,AUDUSD,0.7238500000,0.7238800000
2026-05-12T20:45:00+00:00,AUDUSD,0.7240000000,0.7240700000
2026-05-12T21:00:00+00:00,AUDUSD,0.7240500000,0.7242200000
2026-05-12T21:15:00+00:00,AUDUSD,0.7239400000,0.7241700000
2026-05-12T21:30:00+00:00,AUDUSD,0.7237000000,0.7239800000
2026-05-12T21:45:00+00:00,AUDUSD,0.7238200000,0.7241700000
2026-05-12T22:00:00+00:00,AUDUSD,0.7240500000,0.7240600000
2026-05-12T22:15:00+00:00,AUDUSD,0.7241300000,0.7241400000
2026-05-12T22:30:00+00:00,AUDUSD,0.7241300000,0.7241400000
2026-05-12T22:45:00+00:00,AUDUSD,0.7240200000,0.7240300000
2026-05-12T23:00:00+00:00,AUDUSD,0.7239400000,0.7239500000
2026-05-12T23:15:00+00:00,AUDUSD,0.7240700000,0.7240900000
2026-05-12T23:30:00+00:00,AUDUSD,0.7238500000,0.7238700000
2026-05-12T23:45:00+00:00,AUDUSD,0.7237200000,0.7237400000
2026-05-11T00:00:00+00:00,EURUSD,1.1768200000,1.1768200000
2026-05-11T00:15:00+00:00,EURUSD,1.1770600000,1.1770700000
2026-05-11T00:30:00+00:00,EURUSD,1.1769500000,1.1769600000
2026-05-11T00:45:00+00:00,EURUSD,1.1769900000,1.1770000000
2026-05-11T01:00:00+00:00,EURUSD,1.1767900000,1.1768000000
2026-05-11T01:15:00+00:00,EURUSD,1.1769000000,1.1769100000
2026-05-11T01:30:00+00:00,EURUSD,1.1765100000,1.1765100000
2026-05-11T01:45:00+00:00,EURUSD,1.1762900000,1.1763000000
2026-05-11T02:00:00+00:00,EURUSD,1.1764000000,1.1764000000
2026-05-11T02:15:00+00:00,EURUSD,1.1765300000,1.1765300000
2026-05-11T02:30:00+00:00,EURUSD,1.1761800000,1.1762000000
2026-05-11T02:45:00+00:00,EURUSD,1.1759200000,1.1759300000
2026-05-11T03:00:00+00:00,EURUSD,1.1759000000,1.1759000000
2026-05-11T03:15:00+00:00,EURUSD,1.1757300000,1.1757300000
2026-05-11T03:30:00+00:00,EURUSD,1.1758800000,1.1758900000
2026-05-11T03:45:00+00:00,EURUSD,1.1756500000,1.1756800000
2026-05-11T04:00:00+00:00,EURUSD,1.1755500000,1.1755600000
2026-05-11T04:15:00+00:00,EURUSD,1.1754400000,1.1754500000
2026-05-11T04:30:00+00:00,EURUSD,1.1752400000,1.1752500000
2026-05-11T04:45:00+00:00,EURUSD,1.1750500000,1.1750700000
2026-05-11T05:00:00+00:00,EURUSD,1.1754000000,1.1754100000
2026-05-11T05:15:00+00:00,EURUSD,1.1752400000,1.1752600000
2026-05-11T05:30:00+00:00,EURUSD,1.1751000000,1.1751100000
2026-05-11T05:45:00+00:00,EURUSD,1.1750000000,1.1750100000
2026-05-11T06:00:00+00:00,EURUSD,1.1757400000,1.1757500000
2026-05-11T06:15:00+00:00,EURUSD,1.1759100000,1.1759100000
2026-05-11T06:30:00+00:00,EURUSD,1.1761900000,1.1762000000
2026-05-11T06:45:00+00:00,EURUSD,1.1767600000,1.1767600000
2026-05-11T07:00:00+00:00,EURUSD,1.1767400000,1.1767400000
2026-05-11T07:15:00+00:00,EURUSD,1.1771300000,1.1771400000
2026-05-11T07:30:00+00:00,EURUSD,1.1771100000,1.1771200000
2026-05-11T07:45:00+00:00,EURUSD,1.1772000000,1.1772100000
2026-05-11T08:00:00+00:00,EURUSD,1.1775900000,1.1775900000
2026-05-11T08:15:00+00:00,EURUSD,1.1779800000,1.1779900000
2026-05-11T08:30:00+00:00,EURUSD,1.1775400000,1.1775500000
2026-05-11T08:45:00+00:00,EURUSD,1.1771500000,1.1771500000
2026-05-11T09:00:00+00:00,EURUSD,1.1773300000,1.1773300000
2026-05-11T09:15:00+00:00,EURUSD,1.1771000000,1.1771100000
2026-05-11T09:30:00+00:00,EURUSD,1.1770500000,1.1770500000
2026-05-11T09:45:00+00:00,EURUSD,1.1767400000,1.1767500000
2026-05-11T10:00:00+00:00,EURUSD,1.1767300000,1.1767400000
2026-05-11T10:15:00+00:00,EURUSD,1.1767900000,1.1768000000
2026-05-11T10:30:00+00:00,EURUSD,1.1771500000,1.1771600000
2026-05-11T10:45:00+00:00,EURUSD,1.1769100000,1.1769100000
2026-05-11T11:00:00+00:00,EURUSD,1.1773600000,1.1773600000
2026-05-11T11:15:00+00:00,EURUSD,1.1774100000,1.1774100000
2026-05-11T11:30:00+00:00,EURUSD,1.1772400000,1.1772400000
2026-05-11T11:45:00+00:00,EURUSD,1.1768400000,1.1768400000
2026-05-11T12:00:00+00:00,EURUSD,1.1766800000,1.1766900000
2026-05-11T12:15:00+00:00,EURUSD,1.1771800000,1.1771900000
2026-05-11T12:30:00+00:00,EURUSD,1.1773000000,1.1773000000
2026-05-11T12:45:00+00:00,EURUSD,1.1774500000,1.1774600000
2026-05-11T13:00:00+00:00,EURUSD,1.1783400000,1.1783400000
2026-05-11T13:15:00+00:00,EURUSD,1.1783400000,1.1783400000
2026-05-11T13:30:00+00:00,EURUSD,1.1786200000,1.1786300000
2026-05-11T13:45:00+00:00,EURUSD,1.1785400000,1.1785500000
2026-05-11T14:00:00+00:00,EURUSD,1.1785400000,1.1785500000
2026-05-11T14:15:00+00:00,EURUSD,1.1785600000,1.1785700000
2026-05-11T14:30:00+00:00,EURUSD,1.1786900000,1.1786900000
2026-05-11T14:45:00+00:00,EURUSD,1.1779500000,1.1779500000
2026-05-11T15:00:00+00:00,EURUSD,1.1781200000,1.1781300000
2026-05-11T15:15:00+00:00,EURUSD,1.1781400000,1.1781400000
2026-05-11T15:30:00+00:00,EURUSD,1.1779600000,1.1779600000
2026-05-11T15:45:00+00:00,EURUSD,1.1779900000,1.1779900000
2026-05-11T16:00:00+00:00,EURUSD,1.1779300000,1.1779300000
2026-05-11T16:15:00+00:00,EURUSD,1.1776000000,1.1776000000
2026-05-11T16:30:00+00:00,EURUSD,1.1775500000,1.1775500000
2026-05-11T16:45:00+00:00,EURUSD,1.1773200000,1.1773400000
2026-05-11T17:00:00+00:00,EURUSD,1.1774900000,1.1774900000
2026-05-11T17:15:00+00:00,EURUSD,1.1776000000,1.1776100000
2026-05-11T17:30:00+00:00,EURUSD,1.1776900000,1.1777000000
2026-05-11T17:45:00+00:00,EURUSD,1.1777900000,1.1778100000
2026-05-11T18:00:00+00:00,EURUSD,1.1779000000,1.1779000000
2026-05-11T18:15:00+00:00,EURUSD,1.1779300000,1.1779400000
2026-05-11T18:30:00+00:00,EURUSD,1.1775800000,1.1776100000
2026-05-11T18:45:00+00:00,EURUSD,1.1775000000,1.1775000000
2026-05-11T19:00:00+00:00,EURUSD,1.1775100000,1.1775100000
2026-05-11T19:15:00+00:00,EURUSD,1.1775600000,1.1775700000
2026-05-11T19:30:00+00:00,EURUSD,1.1776500000,1.1776500000
2026-05-11T19:45:00+00:00,EURUSD,1.1777400000,1.1777500000
2026-05-11T20:00:00+00:00,EURUSD,1.1778500000,1.1778600000
2026-05-11T20:15:00+00:00,EURUSD,1.1780600000,1.1780600000
2026-05-11T20:30:00+00:00,EURUSD,1.1781200000,1.1781500000
2026-05-11T20:45:00+00:00,EURUSD,1.1783100000,1.1783800000
2026-05-11T21:00:00+00:00,EURUSD,1.1781900000,1.1785000000
2026-05-11T21:15:00+00:00,EURUSD,1.1782700000,1.1784700000
2026-05-11T21:30:00+00:00,EURUSD,1.1781400000,1.1783700000
2026-05-11T21:45:00+00:00,EURUSD,1.1783900000,1.1785600000
2026-05-11T22:00:00+00:00,EURUSD,1.1787100000,1.1787100000
2026-05-11T22:15:00+00:00,EURUSD,1.1787000000,1.1787100000
2026-05-11T22:30:00+00:00,EURUSD,1.1786600000,1.1786600000
2026-05-11T22:45:00+00:00,EURUSD,1.1785200000,1.1785300000
2026-05-11T23:00:00+00:00,EURUSD,1.1784400000,1.1784500000
2026-05-11T23:15:00+00:00,EURUSD,1.1780700000,1.1781000000
2026-05-11T23:30:00+00:00,EURUSD,1.1778800000,1.1778900000
2026-05-11T23:45:00+00:00,EURUSD,1.1778600000,1.1778600000
2026-05-12T00:00:00+00:00,EURUSD,1.1775900000,1.1776000000
2026-05-12T00:15:00+00:00,EURUSD,1.1775000000,1.1775100000
2026-05-12T00:30:00+00:00,EURUSD,1.1771900000,1.1772000000
2026-05-12T00:45:00+00:00,EURUSD,1.1766900000,1.1767200000
2026-05-12T01:00:00+00:00,EURUSD,1.1764800000,1.1764900000
2026-05-12T01:15:00+00:00,EURUSD,1.1762000000,1.1762000000
2026-05-12T01:30:00+00:00,EURUSD,1.1761000000,1.1761300000
2026-05-12T01:45:00+00:00,EURUSD,1.1761500000,1.1761500000
2026-05-12T02:00:00+00:00,EURUSD,1.1761800000,1.1761800000
2026-05-12T02:15:00+00:00,EURUSD,1.1761100000,1.1761100000
2026-05-12T02:30:00+00:00,EURUSD,1.1760400000,1.1760500000
2026-05-12T02:45:00+00:00,EURUSD,1.1762500000,1.1762600000
2026-05-12T03:00:00+00:00,EURUSD,1.1758900000,1.1759000000
2026-05-12T03:15:00+00:00,EURUSD,1.1757000000,1.1757000000
2026-05-12T03:30:00+00:00,EURUSD,1.1757900000,1.1758000000
2026-05-12T03:45:00+00:00,EURUSD,1.1756300000,1.1756600000
2026-05-12T04:00:00+00:00,EURUSD,1.1755600000,1.1755600000
2026-05-12T04:15:00+00:00,EURUSD,1.1756000000,1.1756100000
2026-05-12T04:30:00+00:00,EURUSD,1.1759500000,1.1759500000
2026-05-12T04:45:00+00:00,EURUSD,1.1757100000,1.1757200000
2026-05-12T05:00:00+00:00,EURUSD,1.1753800000,1.1754000000
2026-05-12T05:15:00+00:00,EURUSD,1.1755000000,1.1755000000
2026-05-12T05:30:00+00:00,EURUSD,1.1755900000,1.1756000000
2026-05-12T05:45:00+00:00,EURUSD,1.1762400000,1.1762500000
2026-05-12T06:00:00+00:00,EURUSD,1.1757500000,1.1757600000
2026-05-12T06:15:00+00:00,EURUSD,1.1755000000,1.1755100000
2026-05-12T06:30:00+00:00,EURUSD,1.1755000000,1.1755000000
2026-05-12T06:45:00+00:00,EURUSD,1.1750300000,1.1750400000
2026-05-12T07:00:00+00:00,EURUSD,1.1747000000,1.1747100000
2026-05-12T07:15:00+00:00,EURUSD,1.1749700000,1.1749800000
2026-05-12T07:30:00+00:00,EURUSD,1.1746400000,1.1746500000
2026-05-12T07:45:00+00:00,EURUSD,1.1747800000,1.1747900000
2026-05-12T08:00:00+00:00,EURUSD,1.1743900000,1.1744000000
2026-05-12T08:15:00+00:00,EURUSD,1.1747000000,1.1747100000
2026-05-12T08:30:00+00:00,EURUSD,1.1742100000,1.1742200000
2026-05-12T08:45:00+00:00,EURUSD,1.1744800000,1.1744900000
2026-05-12T09:00:00+00:00,EURUSD,1.1746200000,1.1746300000
2026-05-12T09:15:00+00:00,EURUSD,1.1746000000,1.1746000000
2026-05-12T09:30:00+00:00,EURUSD,1.1745500000,1.1745500000
2026-05-12T09:45:00+00:00,EURUSD,1.1747600000,1.1747600000
2026-05-12T10:00:00+00:00,EURUSD,1.1748600000,1.1748600000
2026-05-12T10:15:00+00:00,EURUSD,1.1748100000,1.1748200000
2026-05-12T10:30:00+00:00,EURUSD,1.1745900000,1.1745900000
2026-05-12T10:45:00+00:00,EURUSD,1.1740700000,1.1740800000
2026-05-12T11:00:00+00:00,EURUSD,1.1741700000,1.1741700000
2026-05-12T11:15:00+00:00,EURUSD,1.1741600000,1.1741600000
2026-05-12T11:30:00+00:00,EURUSD,1.1746400000,1.1746400000
2026-05-12T11:45:00+00:00,EURUSD,1.1743800000,1.1743800000
2026-05-12T12:00:00+00:00,EURUSD,1.1741800000,1.1741900000
2026-05-12T12:15:00+00:00,EURUSD,1.1739800000,1.1741300000
2026-05-12T12:30:00+00:00,EURUSD,1.1747200000,1.1747300000
2026-05-12T12:45:00+00:00,EURUSD,1.1747700000,1.1747800000
2026-05-12T13:00:00+00:00,EURUSD,1.1740600000,1.1740600000
2026-05-12T13:15:00+00:00,EURUSD,1.1739600000,1.1739700000
2026-05-12T13:30:00+00:00,EURUSD,1.1737100000,1.1737200000
2026-05-12T13:45:00+00:00,EURUSD,1.1730000000,1.1730000000
2026-05-12T14:00:00+00:00,EURUSD,1.1735100000,1.1735200000
2026-05-12T14:15:00+00:00,EURUSD,1.1733200000,1.1733300000
2026-05-12T14:30:00+00:00,EURUSD,1.1732900000,1.1732900000
2026-05-12T14:45:00+00:00,EURUSD,1.1736000000,1.1736100000
2026-05-12T15:00:00+00:00,EURUSD,1.1728000000,1.1728000000
2026-05-12T15:15:00+00:00,EURUSD,1.1724100000,1.1724200000
2026-05-12T15:30:00+00:00,EURUSD,1.1731600000,1.1731600000
2026-05-12T15:45:00+00:00,EURUSD,1.1732600000,1.1732600000
2026-05-12T16:00:00+00:00,EURUSD,1.1737100000,1.1737100000
2026-05-12T16:15:00+00:00,EURUSD,1.1736100000,1.1736100000
2026-05-12T16:30:00+00:00,EURUSD,1.1732000000,1.1732000000
2026-05-12T16:45:00+00:00,EURUSD,1.1728300000,1.1728500000
2026-05-12T17:00:00+00:00,EURUSD,1.1730700000,1.1730900000
2026-05-12T17:15:00+00:00,EURUSD,1.1730500000,1.1730600000
2026-05-12T17:30:00+00:00,EURUSD,1.1731800000,1.1731900000
2026-05-12T17:45:00+00:00,EURUSD,1.1733200000,1.1733400000
2026-05-12T18:00:00+00:00,EURUSD,1.1732100000,1.1732100000
2026-05-12T18:15:00+00:00,EURUSD,1.1735900000,1.1736000000
2026-05-12T18:30:00+00:00,EURUSD,1.1738700000,1.1738700000
2026-05-12T18:45:00+00:00,EURUSD,1.1740500000,1.1740600000
2026-05-12T19:00:00+00:00,EURUSD,1.1743900000,1.1743900000
2026-05-12T19:15:00+00:00,EURUSD,1.1742300000,1.1742400000
2026-05-12T19:30:00+00:00,EURUSD,1.1743000000,1.1743100000
2026-05-12T19:45:00+00:00,EURUSD,1.1740200000,1.1740200000
2026-05-12T20:00:00+00:00,EURUSD,1.1738900000,1.1739200000
2026-05-12T20:15:00+00:00,EURUSD,1.1738800000,1.1739000000
2026-05-12T20:30:00+00:00,EURUSD,1.1738100000,1.1738300000
2026-05-12T20:45:00+00:00,EURUSD,1.1737100000,1.1739600000
2026-05-12T21:00:00+00:00,EURUSD,1.1735100000,1.1737800000
2026-05-12T21:15:00+00:00,EURUSD,1.1735900000,1.1737700000
2026-05-12T21:30:00+00:00,EURUSD,1.1737000000,1.1739000000
2026-05-12T21:45:00+00:00,EURUSD,1.1737200000,1.1740500000
2026-05-12T22:00:00+00:00,EURUSD,1.1737700000,1.1737800000
2026-05-12T22:15:00+00:00,EURUSD,1.1739000000,1.1739100000
2026-05-12T22:30:00+00:00,EURUSD,1.1739100000,1.1739100000
2026-05-12T22:45:00+00:00,EURUSD,1.1739400000,1.1739500000
2026-05-12T23:00:00+00:00,EURUSD,1.1738800000,1.1738900000
2026-05-12T23:15:00+00:00,EURUSD,1.1738500000,1.1738800000
2026-05-12T23:30:00+00:00,EURUSD,1.1737000000,1.1737100000
2026-05-12T23:45:00+00:00,EURUSD,1.1735100000,1.1735200000
2026-05-11T00:00:00+00:00,GBPUSD,1.3595500000,1.3595900000
2026-05-11T00:15:00+00:00,GBPUSD,1.3599000000,1.3599000000
2026-05-11T00:30:00+00:00,GBPUSD,1.3598600000,1.3598600000
2026-05-11T00:45:00+00:00,GBPUSD,1.3599100000,1.3599400000
2026-05-11T01:00:00+00:00,GBPUSD,1.3597000000,1.3597000000
2026-05-11T01:15:00+00:00,GBPUSD,1.3598800000,1.3598900000
2026-05-11T01:30:00+00:00,GBPUSD,1.3592700000,1.3592800000
2026-05-11T01:45:00+00:00,GBPUSD,1.3593100000,1.3593200000
2026-05-11T02:00:00+00:00,GBPUSD,1.3595500000,1.3595600000
2026-05-11T02:15:00+00:00,GBPUSD,1.3597200000,1.3597200000
2026-05-11T02:30:00+00:00,GBPUSD,1.3593300000,1.3593400000
2026-05-11T02:45:00+00:00,GBPUSD,1.3590500000,1.3590800000
2026-05-11T03:00:00+00:00,GBPUSD,1.3592100000,1.3592200000
2026-05-11T03:15:00+00:00,GBPUSD,1.3591200000,1.3591600000
2026-05-11T03:30:00+00:00,GBPUSD,1.3593200000,1.3593300000
2026-05-11T03:45:00+00:00,GBPUSD,1.3589200000,1.3589500000
2026-05-11T04:00:00+00:00,GBPUSD,1.3589800000,1.3589900000
2026-05-11T04:15:00+00:00,GBPUSD,1.3588700000,1.3588700000
2026-05-11T04:30:00+00:00,GBPUSD,1.3584800000,1.3585400000
2026-05-11T04:45:00+00:00,GBPUSD,1.3580900000,1.3581400000
2026-05-11T05:00:00+00:00,GBPUSD,1.3586400000,1.3586500000
2026-05-11T05:15:00+00:00,GBPUSD,1.3585900000,1.3586300000
2026-05-11T05:30:00+00:00,GBPUSD,1.3582900000,1.3582900000
2026-05-11T05:45:00+00:00,GBPUSD,1.3584000000,1.3584100000
2026-05-11T06:00:00+00:00,GBPUSD,1.3591900000,1.3592100000
2026-05-11T06:15:00+00:00,GBPUSD,1.3586100000,1.3586200000
2026-05-11T06:30:00+00:00,GBPUSD,1.3592800000,1.3592800000
2026-05-11T06:45:00+00:00,GBPUSD,1.3598800000,1.3598900000
2026-05-11T07:00:00+00:00,GBPUSD,1.3599800000,1.3599800000
2026-05-11T07:15:00+00:00,GBPUSD,1.3600500000,1.3600600000
2026-05-11T07:30:00+00:00,GBPUSD,1.3601000000,1.3601000000
2026-05-11T07:45:00+00:00,GBPUSD,1.3599600000,1.3599900000
2026-05-11T08:00:00+00:00,GBPUSD,1.3602000000,1.3602000000
2026-05-11T08:15:00+00:00,GBPUSD,1.3611800000,1.3611900000
2026-05-11T08:30:00+00:00,GBPUSD,1.3609000000,1.3609300000
2026-05-11T08:45:00+00:00,GBPUSD,1.3607700000,1.3607800000
2026-05-11T09:00:00+00:00,GBPUSD,1.3609000000,1.3609200000
2026-05-11T09:15:00+00:00,GBPUSD,1.3606200000,1.3606500000
2026-05-11T09:30:00+00:00,GBPUSD,1.3604100000,1.3604200000
2026-05-11T09:45:00+00:00,GBPUSD,1.3599100000,1.3599400000
2026-05-11T10:00:00+00:00,GBPUSD,1.3594200000,1.3594300000
2026-05-11T10:15:00+00:00,GBPUSD,1.3599700000,1.3599800000
2026-05-11T10:30:00+00:00,GBPUSD,1.3593100000,1.3593100000
2026-05-11T10:45:00+00:00,GBPUSD,1.3588500000,1.3588500000
2026-05-11T11:00:00+00:00,GBPUSD,1.3609900000,1.3610100000
2026-05-11T11:15:00+00:00,GBPUSD,1.3612200000,1.3612300000
2026-05-11T11:30:00+00:00,GBPUSD,1.3610100000,1.3610200000
2026-05-11T11:45:00+00:00,GBPUSD,1.3607000000,1.3607200000
2026-05-11T12:00:00+00:00,GBPUSD,1.3602600000,1.3602700000
2026-05-11T12:15:00+00:00,GBPUSD,1.3611800000,1.3611900000
2026-05-11T12:30:00+00:00,GBPUSD,1.3611200000,1.3611300000
2026-05-11T12:45:00+00:00,GBPUSD,1.3611100000,1.3611100000
2026-05-11T13:00:00+00:00,GBPUSD,1.3620700000,1.3621000000
2026-05-11T13:15:00+00:00,GBPUSD,1.3621000000,1.3621100000
2026-05-11T13:30:00+00:00,GBPUSD,1.3628500000,1.3628700000
2026-05-11T13:45:00+00:00,GBPUSD,1.3623600000,1.3624100000
2026-05-11T14:00:00+00:00,GBPUSD,1.3624600000,1.3624600000
2026-05-11T14:15:00+00:00,GBPUSD,1.3624800000,1.3625100000
2026-05-11T14:30:00+00:00,GBPUSD,1.3627700000,1.3627800000
2026-05-11T14:45:00+00:00,GBPUSD,1.3639200000,1.3639500000
2026-05-11T15:00:00+00:00,GBPUSD,1.3638900000,1.3639000000
2026-05-11T15:15:00+00:00,GBPUSD,1.3646700000,1.3647200000
2026-05-11T15:30:00+00:00,GBPUSD,1.3645700000,1.3645900000
2026-05-11T15:45:00+00:00,GBPUSD,1.3649600000,1.3650000000
2026-05-11T16:00:00+00:00,GBPUSD,1.3646900000,1.3646900000
2026-05-11T16:15:00+00:00,GBPUSD,1.3641900000,1.3642000000
2026-05-11T16:30:00+00:00,GBPUSD,1.3642200000,1.3642300000
2026-05-11T16:45:00+00:00,GBPUSD,1.3640900000,1.3641400000
2026-05-11T17:00:00+00:00,GBPUSD,1.3641300000,1.3641700000
2026-05-11T17:15:00+00:00,GBPUSD,1.3642800000,1.3642800000
2026-05-11T17:30:00+00:00,GBPUSD,1.3641100000,1.3641200000
2026-05-11T17:45:00+00:00,GBPUSD,1.3642700000,1.3643000000
2026-05-11T18:00:00+00:00,GBPUSD,1.3640900000,1.3640900000
2026-05-11T18:15:00+00:00,GBPUSD,1.3636800000,1.3636900000
2026-05-11T18:30:00+00:00,GBPUSD,1.3629600000,1.3630000000
2026-05-11T18:45:00+00:00,GBPUSD,1.3628900000,1.3628900000
2026-05-11T19:00:00+00:00,GBPUSD,1.3627500000,1.3627600000
2026-05-11T19:15:00+00:00,GBPUSD,1.3622000000,1.3622100000
2026-05-11T19:30:00+00:00,GBPUSD,1.3621000000,1.3621100000
2026-05-11T19:45:00+00:00,GBPUSD,1.3618000000,1.3618100000
2026-05-11T20:00:00+00:00,GBPUSD,1.3612900000,1.3613000000
2026-05-11T20:15:00+00:00,GBPUSD,1.3614100000,1.3614200000
2026-05-11T20:30:00+00:00,GBPUSD,1.3609500000,1.3610100000
2026-05-11T20:45:00+00:00,GBPUSD,1.3609000000,1.3612700000
2026-05-11T21:00:00+00:00,GBPUSD,1.3609900000,1.3613100000
2026-05-11T21:15:00+00:00,GBPUSD,1.3608600000,1.3617700000
2026-05-11T21:30:00+00:00,GBPUSD,1.3606100000,1.3609200000
2026-05-11T21:45:00+00:00,GBPUSD,1.3604900000,1.3608100000
2026-05-11T22:00:00+00:00,GBPUSD,1.3608500000,1.3608500000
2026-05-11T22:15:00+00:00,GBPUSD,1.3608700000,1.3608800000
2026-05-11T22:30:00+00:00,GBPUSD,1.3609100000,1.3609200000
2026-05-11T22:45:00+00:00,GBPUSD,1.3607600000,1.3607600000
2026-05-11T23:00:00+00:00,GBPUSD,1.3608500000,1.3608600000
2026-05-11T23:15:00+00:00,GBPUSD,1.3606600000,1.3607100000
2026-05-11T23:30:00+00:00,GBPUSD,1.3605300000,1.3605400000
2026-05-11T23:45:00+00:00,GBPUSD,1.3604200000,1.3604300000
2026-05-12T00:00:00+00:00,GBPUSD,1.3603100000,1.3603100000
2026-05-12T00:15:00+00:00,GBPUSD,1.3602000000,1.3602100000
2026-05-12T00:30:00+00:00,GBPUSD,1.3598100000,1.3598200000
2026-05-12T00:45:00+00:00,GBPUSD,1.3593600000,1.3594000000
2026-05-12T01:00:00+00:00,GBPUSD,1.3591200000,1.3591200000
2026-05-12T01:15:00+00:00,GBPUSD,1.3585200000,1.3585300000
2026-05-12T01:30:00+00:00,GBPUSD,1.3585600000,1.3585700000
2026-05-12T01:45:00+00:00,GBPUSD,1.3587200000,1.3587300000
2026-05-12T02:00:00+00:00,GBPUSD,1.3589500000,1.3589700000
2026-05-12T02:15:00+00:00,GBPUSD,1.3587900000,1.3588000000
2026-05-12T02:30:00+00:00,GBPUSD,1.3587400000,1.3587500000
2026-05-12T02:45:00+00:00,GBPUSD,1.3590900000,1.3591000000
2026-05-12T03:00:00+00:00,GBPUSD,1.3588700000,1.3588700000
2026-05-12T03:15:00+00:00,GBPUSD,1.3585000000,1.3585000000
2026-05-12T03:30:00+00:00,GBPUSD,1.3586000000,1.3586200000
2026-05-12T03:45:00+00:00,GBPUSD,1.3582900000,1.3583300000
2026-05-12T04:00:00+00:00,GBPUSD,1.3580100000,1.3580100000
2026-05-12T04:15:00+00:00,GBPUSD,1.3581100000,1.3581200000
2026-05-12T04:30:00+00:00,GBPUSD,1.3586200000,1.3586300000
2026-05-12T04:45:00+00:00,GBPUSD,1.3584600000,1.3584700000
2026-05-12T05:00:00+00:00,GBPUSD,1.3573900000,1.3574300000
2026-05-12T05:15:00+00:00,GBPUSD,1.3574300000,1.3574400000
2026-05-12T05:30:00+00:00,GBPUSD,1.3571600000,1.3571700000
2026-05-12T05:45:00+00:00,GBPUSD,1.3573700000,1.3573800000
2026-05-12T06:00:00+00:00,GBPUSD,1.3570800000,1.3570900000
2026-05-12T06:15:00+00:00,GBPUSD,1.3559600000,1.3559700000
2026-05-12T06:30:00+00:00,GBPUSD,1.3554300000,1.3554400000
2026-05-12T06:45:00+00:00,GBPUSD,1.3545300000,1.3545400000
2026-05-12T07:00:00+00:00,GBPUSD,1.3536200000,1.3536300000
2026-05-12T07:15:00+00:00,GBPUSD,1.3535900000,1.3536000000
2026-05-12T07:30:00+00:00,GBPUSD,1.3520000000,1.3520500000
2026-05-12T07:45:00+00:00,GBPUSD,1.3518200000,1.3518300000
2026-05-12T08:00:00+00:00,GBPUSD,1.3503400000,1.3503500000
2026-05-12T08:15:00+00:00,GBPUSD,1.3514900000,1.3515000000
2026-05-12T08:30:00+00:00,GBPUSD,1.3510200000,1.3510300000
2026-05-12T08:45:00+00:00,GBPUSD,1.3530200000,1.3530300000
2026-05-12T09:00:00+00:00,GBPUSD,1.3529300000,1.3529400000
2026-05-12T09:15:00+00:00,GBPUSD,1.3535900000,1.3535900000
2026-05-12T09:30:00+00:00,GBPUSD,1.3538400000,1.3538400000
2026-05-12T09:45:00+00:00,GBPUSD,1.3539200000,1.3539300000
2026-05-12T10:00:00+00:00,GBPUSD,1.3541700000,1.3541900000
2026-05-12T10:15:00+00:00,GBPUSD,1.3547000000,1.3547100000
2026-05-12T10:30:00+00:00,GBPUSD,1.3544100000,1.3544400000
2026-05-12T10:45:00+00:00,GBPUSD,1.3533100000,1.3533200000
2026-05-12T11:00:00+00:00,GBPUSD,1.3532000000,1.3532300000
2026-05-12T11:15:00+00:00,GBPUSD,1.3536300000,1.3536600000
2026-05-12T11:30:00+00:00,GBPUSD,1.3541500000,1.3541500000
2026-05-12T11:45:00+00:00,GBPUSD,1.3532300000,1.3532500000
2026-05-12T12:00:00+00:00,GBPUSD,1.3525400000,1.3525500000
2026-05-12T12:15:00+00:00,GBPUSD,1.3523400000,1.3530500000
2026-05-12T12:30:00+00:00,GBPUSD,1.3533400000,1.3533500000
2026-05-12T12:45:00+00:00,GBPUSD,1.3537300000,1.3537400000
2026-05-12T13:00:00+00:00,GBPUSD,1.3528900000,1.3529100000
2026-05-12T13:15:00+00:00,GBPUSD,1.3522900000,1.3523200000
2026-05-12T13:30:00+00:00,GBPUSD,1.3519700000,1.3520000000
2026-05-12T13:45:00+00:00,GBPUSD,1.3510600000,1.3510700000
2026-05-12T14:00:00+00:00,GBPUSD,1.3532000000,1.3532100000
2026-05-12T14:15:00+00:00,GBPUSD,1.3528200000,1.3528300000
2026-05-12T14:30:00+00:00,GBPUSD,1.3524700000,1.3525100000
2026-05-12T14:45:00+00:00,GBPUSD,1.3524200000,1.3524300000
2026-05-12T15:00:00+00:00,GBPUSD,1.3515000000,1.3515100000
2026-05-12T15:15:00+00:00,GBPUSD,1.3505400000,1.3505900000
2026-05-12T15:30:00+00:00,GBPUSD,1.3524300000,1.3524600000
2026-05-12T15:45:00+00:00,GBPUSD,1.3526500000,1.3526500000
2026-05-12T16:00:00+00:00,GBPUSD,1.3529300000,1.3529400000
2026-05-12T16:15:00+00:00,GBPUSD,1.3523000000,1.3523100000
2026-05-12T16:30:00+00:00,GBPUSD,1.3521300000,1.3521400000
2026-05-12T16:45:00+00:00,GBPUSD,1.3518000000,1.3518100000
2026-05-12T17:00:00+00:00,GBPUSD,1.3522900000,1.3523200000
2026-05-12T17:15:00+00:00,GBPUSD,1.3523000000,1.3523100000
2026-05-12T17:30:00+00:00,GBPUSD,1.3521500000,1.3521600000
2026-05-12T17:45:00+00:00,GBPUSD,1.3523100000,1.3523200000
2026-05-12T18:00:00+00:00,GBPUSD,1.3522200000,1.3522300000
2026-05-12T18:15:00+00:00,GBPUSD,1.3527200000,1.3527200000
2026-05-12T18:30:00+00:00,GBPUSD,1.3528800000,1.3528900000
2026-05-12T18:45:00+00:00,GBPUSD,1.3531800000,1.3531900000
2026-05-12T19:00:00+00:00,GBPUSD,1.3540100000,1.3540200000
2026-05-12T19:15:00+00:00,GBPUSD,1.3538000000,1.3538300000
2026-05-12T19:30:00+00:00,GBPUSD,1.3542200000,1.3542300000
2026-05-12T19:45:00+00:00,GBPUSD,1.3539600000,1.3540100000
2026-05-12T20:00:00+00:00,GBPUSD,1.3539200000,1.3539500000
2026-05-12T20:15:00+00:00,GBPUSD,1.3537300000,1.3537400000
2026-05-12T20:30:00+00:00,GBPUSD,1.3536300000,1.3536700000
2026-05-12T20:45:00+00:00,GBPUSD,1.3538900000,1.3540400000
2026-05-12T21:00:00+00:00,GBPUSD,1.3534500000,1.3540100000
2026-05-12T21:15:00+00:00,GBPUSD,1.3534100000,1.3545000000
2026-05-12T21:30:00+00:00,GBPUSD,1.3536000000,1.3544500000
2026-05-12T21:45:00+00:00,GBPUSD,1.3534500000,1.3543200000
2026-05-12T22:00:00+00:00,GBPUSD,1.3537800000,1.3537900000
2026-05-12T22:15:00+00:00,GBPUSD,1.3539800000,1.3539800000
2026-05-12T22:30:00+00:00,GBPUSD,1.3539900000,1.3540000000
2026-05-12T22:45:00+00:00,GBPUSD,1.3540000000,1.3540100000
2026-05-12T23:00:00+00:00,GBPUSD,1.3540000000,1.3540100000
2026-05-12T23:15:00+00:00,GBPUSD,1.3540100000,1.3540200000
2026-05-12T23:30:00+00:00,GBPUSD,1.3537000000,1.3537100000
2026-05-12T23:45:00+00:00,GBPUSD,1.3535200000,1.3535200000
2026-05-11T00:00:00+00:00,USDCAD,1.3685100000,1.3685300000
2026-05-11T00:15:00+00:00,USDCAD,1.3683200000,1.3683300000
2026-05-11T00:30:00+00:00,USDCAD,1.3682800000,1.3683000000
2026-05-11T00:45:00+00:00,USDCAD,1.3683400000,1.3683600000
2026-05-11T01:00:00+00:00,USDCAD,1.3686100000,1.3686200000
2026-05-11T01:15:00+00:00,USDCAD,1.3684100000,1.3684200000
2026-05-11T01:30:00+00:00,USDCAD,1.3687000000,1.3687100000
2026-05-11T01:45:00+00:00,USDCAD,1.3686300000,1.3686400000
2026-05-11T02:00:00+00:00,USDCAD,1.3686200000,1.3686400000
2026-05-11T02:15:00+00:00,USDCAD,1.3683600000,1.3683700000
2026-05-11T02:30:00+00:00,USDCAD,1.3686300000,1.3686600000
2026-05-11T02:45:00+00:00,USDCAD,1.3687300000,1.3687600000
2026-05-11T03:00:00+00:00,USDCAD,1.3685700000,1.3685800000
2026-05-11T03:15:00+00:00,USDCAD,1.3686100000,1.3686200000
2026-05-11T03:30:00+00:00,USDCAD,1.3685500000,1.3685800000
2026-05-11T03:45:00+00:00,USDCAD,1.3688800000,1.3688900000
2026-05-11T04:00:00+00:00,USDCAD,1.3689500000,1.3689600000
2026-05-11T04:15:00+00:00,USDCAD,1.3692000000,1.3692300000
2026-05-11T04:30:00+00:00,USDCAD,1.3694200000,1.3694300000
2026-05-11T04:45:00+00:00,USDCAD,1.3694000000,1.3694300000
2026-05-11T05:00:00+00:00,USDCAD,1.3690700000,1.3691000000
2026-05-11T05:15:00+00:00,USDCAD,1.3691300000,1.3691400000
2026-05-11T05:30:00+00:00,USDCAD,1.3692600000,1.3692900000
2026-05-11T05:45:00+00:00,USDCAD,1.3692400000,1.3692500000
2026-05-11T06:00:00+00:00,USDCAD,1.3679500000,1.3679600000
2026-05-11T06:15:00+00:00,USDCAD,1.3676700000,1.3676800000
2026-05-11T06:30:00+00:00,USDCAD,1.3677300000,1.3677400000
2026-05-11T06:45:00+00:00,USDCAD,1.3679600000,1.3679800000
2026-05-11T07:00:00+00:00,USDCAD,1.3670100000,1.3670200000
2026-05-11T07:15:00+00:00,USDCAD,1.3670200000,1.3670300000
2026-05-11T07:30:00+00:00,USDCAD,1.3669900000,1.3670000000
2026-05-11T07:45:00+00:00,USDCAD,1.3671800000,1.3671900000
2026-05-11T08:00:00+00:00,USDCAD,1.3671900000,1.3672100000
2026-05-11T08:15:00+00:00,USDCAD,1.3670400000,1.3670500000
2026-05-11T08:30:00+00:00,USDCAD,1.3668500000,1.3668700000
2026-05-11T08:45:00+00:00,USDCAD,1.3669200000,1.3669400000
2026-05-11T09:00:00+00:00,USDCAD,1.3671500000,1.3671600000
2026-05-11T09:15:00+00:00,USDCAD,1.3671300000,1.3671300000
2026-05-11T09:30:00+00:00,USDCAD,1.3669300000,1.3669400000
2026-05-11T09:45:00+00:00,USDCAD,1.3669200000,1.3669400000
2026-05-11T10:00:00+00:00,USDCAD,1.3667200000,1.3667300000
2026-05-11T10:15:00+00:00,USDCAD,1.3665400000,1.3665500000
2026-05-11T10:30:00+00:00,USDCAD,1.3663200000,1.3663400000
2026-05-11T10:45:00+00:00,USDCAD,1.3661600000,1.3661800000
2026-05-11T11:00:00+00:00,USDCAD,1.3663500000,1.3663700000
2026-05-11T11:15:00+00:00,USDCAD,1.3662200000,1.3662400000
2026-05-11T11:30:00+00:00,USDCAD,1.3665300000,1.3665500000
2026-05-11T11:45:00+00:00,USDCAD,1.3667200000,1.3667300000
2026-05-11T12:00:00+00:00,USDCAD,1.3666800000,1.3667000000
2026-05-11T12:15:00+00:00,USDCAD,1.3669500000,1.3669700000
2026-05-11T12:30:00+00:00,USDCAD,1.3672100000,1.3672300000
2026-05-11T12:45:00+00:00,USDCAD,1.3667200000,1.3667300000
2026-05-11T13:00:00+00:00,USDCAD,1.3669100000,1.3669300000
2026-05-11T13:15:00+00:00,USDCAD,1.3666500000,1.3666700000
2026-05-11T13:30:00+00:00,USDCAD,1.3661800000,1.3662000000
2026-05-11T13:45:00+00:00,USDCAD,1.3659200000,1.3659300000
2026-05-11T14:00:00+00:00,USDCAD,1.3660000000,1.3660200000
2026-05-11T14:15:00+00:00,USDCAD,1.3650600000,1.3650800000
2026-05-11T14:30:00+00:00,USDCAD,1.3649800000,1.3649900000
2026-05-11T14:45:00+00:00,USDCAD,1.3664900000,1.3665000000
2026-05-11T15:00:00+00:00,USDCAD,1.3666300000,1.3666400000
2026-05-11T15:15:00+00:00,USDCAD,1.3667100000,1.3667100000
2026-05-11T15:30:00+00:00,USDCAD,1.3666300000,1.3666400000
2026-05-11T15:45:00+00:00,USDCAD,1.3665400000,1.3665500000
2026-05-11T16:00:00+00:00,USDCAD,1.3667500000,1.3667700000
2026-05-11T16:15:00+00:00,USDCAD,1.3668400000,1.3668600000
2026-05-11T16:30:00+00:00,USDCAD,1.3663600000,1.3663800000
2026-05-11T16:45:00+00:00,USDCAD,1.3664000000,1.3664200000
2026-05-11T17:00:00+00:00,USDCAD,1.3664500000,1.3664600000
2026-05-11T17:15:00+00:00,USDCAD,1.3664600000,1.3664700000
2026-05-11T17:30:00+00:00,USDCAD,1.3664800000,1.3664800000
2026-05-11T17:45:00+00:00,USDCAD,1.3665500000,1.3665700000
2026-05-11T18:00:00+00:00,USDCAD,1.3667300000,1.3667300000
2026-05-11T18:15:00+00:00,USDCAD,1.3670800000,1.3671000000
2026-05-11T18:30:00+00:00,USDCAD,1.3673900000,1.3674000000
2026-05-11T18:45:00+00:00,USDCAD,1.3672600000,1.3672700000
2026-05-11T19:00:00+00:00,USDCAD,1.3672800000,1.3672900000
2026-05-11T19:15:00+00:00,USDCAD,1.3674000000,1.3674300000
2026-05-11T19:30:00+00:00,USDCAD,1.3677300000,1.3677500000
2026-05-11T19:45:00+00:00,USDCAD,1.3677700000,1.3677900000
2026-05-11T20:00:00+00:00,USDCAD,1.3679200000,1.3679300000
2026-05-11T20:15:00+00:00,USDCAD,1.3681400000,1.3681500000
2026-05-11T20:30:00+00:00,USDCAD,1.3678500000,1.3679200000
2026-05-11T20:45:00+00:00,USDCAD,1.3675700000,1.3680100000
2026-05-11T21:00:00+00:00,USDCAD,1.3676700000,1.3680100000
2026-05-11T21:15:00+00:00,USDCAD,1.3673500000,1.3680300000
2026-05-11T21:30:00+00:00,USDCAD,1.3673000000,1.3678800000
2026-05-11T21:45:00+00:00,USDCAD,1.3671600000,1.3680100000
2026-05-11T22:00:00+00:00,USDCAD,1.3673400000,1.3673400000
2026-05-11T22:15:00+00:00,USDCAD,1.3672900000,1.3673100000
2026-05-11T22:30:00+00:00,USDCAD,1.3674400000,1.3674500000
2026-05-11T22:45:00+00:00,USDCAD,1.3676700000,1.3677000000
2026-05-11T23:00:00+00:00,USDCAD,1.3676800000,1.3676800000
2026-05-11T23:15:00+00:00,USDCAD,1.3678300000,1.3678500000
2026-05-11T23:30:00+00:00,USDCAD,1.3678700000,1.3678900000
2026-05-11T23:45:00+00:00,USDCAD,1.3679200000,1.3679400000
2026-05-12T00:00:00+00:00,USDCAD,1.3681600000,1.3681700000
2026-05-12T00:15:00+00:00,USDCAD,1.3682500000,1.3682600000
2026-05-12T00:30:00+00:00,USDCAD,1.3685500000,1.3685600000
2026-05-12T00:45:00+00:00,USDCAD,1.3688200000,1.3688500000
2026-05-12T01:00:00+00:00,USDCAD,1.3689500000,1.3689500000
2026-05-12T01:15:00+00:00,USDCAD,1.3691800000,1.3692000000
2026-05-12T01:30:00+00:00,USDCAD,1.3689900000,1.3690200000
2026-05-12T01:45:00+00:00,USDCAD,1.3689300000,1.3689400000
2026-05-12T02:00:00+00:00,USDCAD,1.3691300000,1.3691300000
2026-05-12T02:15:00+00:00,USDCAD,1.3691700000,1.3691800000
2026-05-12T02:30:00+00:00,USDCAD,1.3690900000,1.3690900000
2026-05-12T02:45:00+00:00,USDCAD,1.3689200000,1.3689300000
2026-05-12T03:00:00+00:00,USDCAD,1.3691500000,1.3691600000
2026-05-12T03:15:00+00:00,USDCAD,1.3692800000,1.3692900000
2026-05-12T03:30:00+00:00,USDCAD,1.3692300000,1.3692400000
2026-05-12T03:45:00+00:00,USDCAD,1.3693700000,1.3693900000
2026-05-12T04:00:00+00:00,USDCAD,1.3693400000,1.3693700000
2026-05-12T04:15:00+00:00,USDCAD,1.3692800000,1.3692900000
2026-05-12T04:30:00+00:00,USDCAD,1.3691600000,1.3691700000
2026-05-12T04:45:00+00:00,USDCAD,1.3692600000,1.3692800000
2026-05-12T05:00:00+00:00,USDCAD,1.3692900000,1.3693200000
2026-05-12T05:15:00+00:00,USDCAD,1.3692000000,1.3692000000
2026-05-12T05:30:00+00:00,USDCAD,1.3692700000,1.3692800000
2026-05-12T05:45:00+00:00,USDCAD,1.3687500000,1.3687800000
2026-05-12T06:00:00+00:00,USDCAD,1.3689700000,1.3689800000
2026-05-12T06:15:00+00:00,USDCAD,1.3692700000,1.3692800000
2026-05-12T06:30:00+00:00,USDCAD,1.3694200000,1.3694300000
2026-05-12T06:45:00+00:00,USDCAD,1.3693000000,1.3693200000
2026-05-12T07:00:00+00:00,USDCAD,1.3695300000,1.3695300000
2026-05-12T07:15:00+00:00,USDCAD,1.3695600000,1.3695700000
2026-05-12T07:30:00+00:00,USDCAD,1.3699400000,1.3699500000
2026-05-12T07:45:00+00:00,USDCAD,1.3703800000,1.3703900000
2026-05-12T08:00:00+00:00,USDCAD,1.3708700000,1.3708900000
2026-05-12T08:15:00+00:00,USDCAD,1.3703900000,1.3704100000
2026-05-12T08:30:00+00:00,USDCAD,1.3709500000,1.3709600000
2026-05-12T08:45:00+00:00,USDCAD,1.3704700000,1.3704900000
2026-05-12T09:00:00+00:00,USDCAD,1.3706600000,1.3706800000
2026-05-12T09:15:00+00:00,USDCAD,1.3706600000,1.3706700000
2026-05-12T09:30:00+00:00,USDCAD,1.3708700000,1.3708800000
2026-05-12T09:45:00+00:00,USDCAD,1.3709900000,1.3709900000
2026-05-12T10:00:00+00:00,USDCAD,1.3709700000,1.3709800000
2026-05-12T10:15:00+00:00,USDCAD,1.3706100000,1.3706200000
2026-05-12T10:30:00+00:00,USDCAD,1.3708900000,1.3709000000
2026-05-12T10:45:00+00:00,USDCAD,1.3709400000,1.3709500000
2026-05-12T11:00:00+00:00,USDCAD,1.3709800000,1.3710000000
2026-05-12T11:15:00+00:00,USDCAD,1.3709600000,1.3709800000
2026-05-12T11:30:00+00:00,USDCAD,1.3703100000,1.3703300000
2026-05-12T11:45:00+00:00,USDCAD,1.3703600000,1.3703700000
2026-05-12T12:00:00+00:00,USDCAD,1.3702700000,1.3702800000
2026-05-12T12:15:00+00:00,USDCAD,1.3700400000,1.3708200000
2026-05-12T12:30:00+00:00,USDCAD,1.3707500000,1.3707700000
2026-05-12T12:45:00+00:00,USDCAD,1.3701400000,1.3701500000
2026-05-12T13:00:00+00:00,USDCAD,1.3712400000,1.3712600000
2026-05-12T13:15:00+00:00,USDCAD,1.3714200000,1.3714200000
2026-05-12T13:30:00+00:00,USDCAD,1.3717300000,1.3717500000
2026-05-12T13:45:00+00:00,USDCAD,1.3716000000,1.3716200000
2026-05-12T14:00:00+00:00,USDCAD,1.3709900000,1.3710000000
2026-05-12T14:15:00+00:00,USDCAD,1.3709600000,1.3709700000
2026-05-12T14:30:00+00:00,USDCAD,1.3709600000,1.3709800000
2026-05-12T14:45:00+00:00,USDCAD,1.3708700000,1.3708800000
2026-05-12T15:00:00+00:00,USDCAD,1.3717900000,1.3718000000
2026-05-12T15:15:00+00:00,USDCAD,1.3722100000,1.3722200000
2026-05-12T15:30:00+00:00,USDCAD,1.3715400000,1.3715500000
2026-05-12T15:45:00+00:00,USDCAD,1.3713500000,1.3713600000
2026-05-12T16:00:00+00:00,USDCAD,1.3710200000,1.3710400000
2026-05-12T16:15:00+00:00,USDCAD,1.3711800000,1.3711800000
2026-05-12T16:30:00+00:00,USDCAD,1.3714400000,1.3714600000
2026-05-12T16:45:00+00:00,USDCAD,1.3713300000,1.3713400000
2026-05-12T17:00:00+00:00,USDCAD,1.3715000000,1.3715100000
2026-05-12T17:15:00+00:00,USDCAD,1.3713700000,1.3713800000
2026-05-12T17:30:00+00:00,USDCAD,1.3712900000,1.3713000000
2026-05-12T17:45:00+00:00,USDCAD,1.3711800000,1.3711900000
2026-05-12T18:00:00+00:00,USDCAD,1.3710800000,1.3710900000
2026-05-12T18:15:00+00:00,USDCAD,1.3707200000,1.3707400000
2026-05-12T18:30:00+00:00,USDCAD,1.3704300000,1.3704400000
2026-05-12T18:45:00+00:00,USDCAD,1.3700500000,1.3700600000
2026-05-12T19:00:00+00:00,USDCAD,1.3695500000,1.3695800000
2026-05-12T19:15:00+00:00,USDCAD,1.3697800000,1.3697900000
2026-05-12T19:30:00+00:00,USDCAD,1.3697700000,1.3697800000
2026-05-12T19:45:00+00:00,USDCAD,1.3699400000,1.3699600000
2026-05-12T20:00:00+00:00,USDCAD,1.3700700000,1.3700800000
2026-05-12T20:15:00+00:00,USDCAD,1.3701600000,1.3701700000
2026-05-12T20:30:00+00:00,USDCAD,1.3699700000,1.3700100000
2026-05-12T20:45:00+00:00,USDCAD,1.3695500000,1.3697500000
2026-05-12T21:00:00+00:00,USDCAD,1.3693600000,1.3699000000
2026-05-12T21:15:00+00:00,USDCAD,1.3694000000,1.3701300000
2026-05-12T21:30:00+00:00,USDCAD,1.3693800000,1.3698700000
2026-05-12T21:45:00+00:00,USDCAD,1.3693200000,1.3699700000
2026-05-12T22:00:00+00:00,USDCAD,1.3696500000,1.3696600000
2026-05-12T22:15:00+00:00,USDCAD,1.3694300000,1.3694400000
2026-05-12T22:30:00+00:00,USDCAD,1.3695300000,1.3695400000
2026-05-12T22:45:00+00:00,USDCAD,1.3695200000,1.3695500000
2026-05-12T23:00:00+00:00,USDCAD,1.3694600000,1.3694700000
2026-05-12T23:15:00+00:00,USDCAD,1.3694000000,1.3694200000
2026-05-12T23:30:00+00:00,USDCAD,1.3696600000,1.3696800000
2026-05-12T23:45:00+00:00,USDCAD,1.3697900000,1.3698000000
2026-05-11T00:00:00+00:00,USDJPY,156.8960000000,156.9030000000
2026-05-11T00:15:00+00:00,USDJPY,156.8880000000,156.8890000000
2026-05-11T00:30:00+00:00,USDJPY,156.9630000000,156.9640000000
2026-05-11T00:45:00+00:00,USDJPY,156.9360000000,156.9420000000
2026-05-11T01:00:00+00:00,USDJPY,156.9840000000,156.9850000000
2026-05-11T01:15:00+00:00,USDJPY,156.9360000000,156.9360000000
2026-05-11T01:30:00+00:00,USDJPY,157.0200000000,157.0200000000
2026-05-11T01:45:00+00:00,USDJPY,157.0950000000,157.0950000000
2026-05-11T02:00:00+00:00,USDJPY,157.0740000000,157.0750000000
2026-05-11T02:15:00+00:00,USDJPY,157.0720000000,157.0720000000
2026-05-11T02:30:00+00:00,USDJPY,157.1410000000,157.1450000000
2026-05-11T02:45:00+00:00,USDJPY,157.1440000000,157.1450000000
2026-05-11T03:00:00+00:00,USDJPY,157.1340000000,157.1350000000
2026-05-11T03:15:00+00:00,USDJPY,157.1440000000,157.1450000000
2026-05-11T03:30:00+00:00,USDJPY,157.0950000000,157.0950000000
2026-05-11T03:45:00+00:00,USDJPY,157.1570000000,157.1580000000
2026-05-11T04:00:00+00:00,USDJPY,157.1330000000,157.1330000000
2026-05-11T04:15:00+00:00,USDJPY,157.1490000000,157.1540000000
2026-05-11T04:30:00+00:00,USDJPY,157.1400000000,157.1400000000
2026-05-11T04:45:00+00:00,USDJPY,157.1220000000,157.1290000000
2026-05-11T05:00:00+00:00,USDJPY,157.0760000000,157.0790000000
2026-05-11T05:15:00+00:00,USDJPY,157.0960000000,157.0970000000
2026-05-11T05:30:00+00:00,USDJPY,157.1210000000,157.1240000000
2026-05-11T05:45:00+00:00,USDJPY,157.1370000000,157.1380000000
2026-05-11T06:00:00+00:00,USDJPY,157.0820000000,157.0870000000
2026-05-11T06:15:00+00:00,USDJPY,157.0450000000,157.0500000000
2026-05-11T06:30:00+00:00,USDJPY,157.0070000000,157.0080000000
2026-05-11T06:45:00+00:00,USDJPY,156.9980000000,157.0010000000
2026-05-11T07:00:00+00:00,USDJPY,157.0840000000,157.0850000000
2026-05-11T07:15:00+00:00,USDJPY,157.0560000000,157.0570000000
2026-05-11T07:30:00+00:00,USDJPY,157.0810000000,157.0810000000
2026-05-11T07:45:00+00:00,USDJPY,157.1230000000,157.1250000000
2026-05-11T08:00:00+00:00,USDJPY,157.0870000000,157.0890000000
2026-05-11T08:15:00+00:00,USDJPY,157.0420000000,157.0440000000
2026-05-11T08:30:00+00:00,USDJPY,157.0110000000,157.0110000000
2026-05-11T08:45:00+00:00,USDJPY,157.0890000000,157.0900000000
2026-05-11T09:00:00+00:00,USDJPY,157.0980000000,157.0980000000
2026-05-11T09:15:00+00:00,USDJPY,157.1040000000,157.1080000000
2026-05-11T09:30:00+00:00,USDJPY,157.0860000000,157.0910000000
2026-05-11T09:45:00+00:00,USDJPY,157.1430000000,157.1430000000
2026-05-11T10:00:00+00:00,USDJPY,157.1250000000,157.1250000000
2026-05-11T10:15:00+00:00,USDJPY,157.1120000000,157.1130000000
2026-05-11T10:30:00+00:00,USDJPY,157.1060000000,157.1060000000
2026-05-11T10:45:00+00:00,USDJPY,157.1430000000,157.1440000000
2026-05-11T11:00:00+00:00,USDJPY,157.1110000000,157.1120000000
2026-05-11T11:15:00+00:00,USDJPY,157.0930000000,157.0940000000
2026-05-11T11:30:00+00:00,USDJPY,157.1080000000,157.1120000000
2026-05-11T11:45:00+00:00,USDJPY,157.1210000000,157.1220000000
2026-05-11T12:00:00+00:00,USDJPY,157.1300000000,157.1300000000
2026-05-11T12:15:00+00:00,USDJPY,157.0910000000,157.0930000000
2026-05-11T12:30:00+00:00,USDJPY,157.0900000000,157.0910000000
2026-05-11T12:45:00+00:00,USDJPY,157.1160000000,157.1170000000
2026-05-11T13:00:00+00:00,USDJPY,157.0760000000,157.0760000000
2026-05-11T13:15:00+00:00,USDJPY,157.0490000000,157.0500000000
2026-05-11T13:30:00+00:00,USDJPY,157.0230000000,157.0240000000
2026-05-11T13:45:00+00:00,USDJPY,157.0340000000,157.0350000000
2026-05-11T14:00:00+00:00,USDJPY,157.0380000000,157.0380000000
2026-05-11T14:15:00+00:00,USDJPY,157.0350000000,157.0400000000
2026-05-11T14:30:00+00:00,USDJPY,157.0370000000,157.0370000000
2026-05-11T14:45:00+00:00,USDJPY,156.9990000000,157.0020000000
2026-05-11T15:00:00+00:00,USDJPY,157.0490000000,157.0500000000
2026-05-11T15:15:00+00:00,USDJPY,157.0230000000,157.0230000000
2026-05-11T15:30:00+00:00,USDJPY,157.0410000000,157.0430000000
2026-05-11T15:45:00+00:00,USDJPY,157.0470000000,157.0480000000
2026-05-11T16:00:00+00:00,USDJPY,157.0640000000,157.0650000000
2026-05-11T16:15:00+00:00,USDJPY,157.1110000000,157.1120000000
2026-05-11T16:30:00+00:00,USDJPY,157.1360000000,157.1360000000
2026-05-11T16:45:00+00:00,USDJPY,157.1590000000,157.1600000000
2026-05-11T17:00:00+00:00,USDJPY,157.1640000000,157.1650000000
2026-05-11T17:15:00+00:00,USDJPY,157.1350000000,157.1350000000
2026-05-11T17:30:00+00:00,USDJPY,157.1320000000,157.1330000000
2026-05-11T17:45:00+00:00,USDJPY,157.1120000000,157.1130000000
2026-05-11T18:00:00+00:00,USDJPY,157.1210000000,157.1220000000
2026-05-11T18:15:00+00:00,USDJPY,157.1340000000,157.1350000000
2026-05-11T18:30:00+00:00,USDJPY,157.1970000000,157.1980000000
2026-05-11T18:45:00+00:00,USDJPY,157.2060000000,157.2070000000
2026-05-11T19:00:00+00:00,USDJPY,157.2370000000,157.2380000000
2026-05-11T19:15:00+00:00,USDJPY,157.2450000000,157.2460000000
2026-05-11T19:30:00+00:00,USDJPY,157.2630000000,157.2630000000
2026-05-11T19:45:00+00:00,USDJPY,157.2420000000,157.2430000000
2026-05-11T20:00:00+00:00,USDJPY,157.2350000000,157.2360000000
2026-05-11T20:15:00+00:00,USDJPY,157.2230000000,157.2240000000
2026-05-11T20:30:00+00:00,USDJPY,157.2110000000,157.2170000000
2026-05-11T20:45:00+00:00,USDJPY,157.1600000000,157.1890000000
2026-05-11T21:00:00+00:00,USDJPY,157.1400000000,157.1950000000
2026-05-11T21:15:00+00:00,USDJPY,157.1570000000,157.2440000000
2026-05-11T21:30:00+00:00,USDJPY,157.1420000000,157.2340000000
2026-05-11T21:45:00+00:00,USDJPY,157.1140000000,157.2130000000
2026-05-11T22:00:00+00:00,USDJPY,157.1800000000,157.1810000000
2026-05-11T22:15:00+00:00,USDJPY,157.1950000000,157.1960000000
2026-05-11T22:30:00+00:00,USDJPY,157.1950000000,157.1960000000
2026-05-11T22:45:00+00:00,USDJPY,157.1920000000,157.1930000000
2026-05-11T23:00:00+00:00,USDJPY,157.2000000000,157.2030000000
2026-05-11T23:15:00+00:00,USDJPY,157.2290000000,157.2340000000
2026-05-11T23:30:00+00:00,USDJPY,157.2410000000,157.2410000000
2026-05-11T23:45:00+00:00,USDJPY,157.2400000000,157.2430000000
2026-05-12T00:00:00+00:00,USDJPY,157.2790000000,157.2790000000
2026-05-12T00:15:00+00:00,USDJPY,157.2790000000,157.2800000000
2026-05-12T00:30:00+00:00,USDJPY,157.3290000000,157.3290000000
2026-05-12T00:45:00+00:00,USDJPY,157.4180000000,157.4250000000
2026-05-12T01:00:00+00:00,USDJPY,157.4920000000,157.4930000000
2026-05-12T01:15:00+00:00,USDJPY,157.5490000000,157.5490000000
2026-05-12T01:30:00+00:00,USDJPY,157.5670000000,157.5680000000
2026-05-12T01:45:00+00:00,USDJPY,157.5380000000,157.5380000000
2026-05-12T02:00:00+00:00,USDJPY,157.5540000000,157.5540000000
2026-05-12T02:15:00+00:00,USDJPY,157.5780000000,157.5780000000
2026-05-12T02:30:00+00:00,USDJPY,157.6270000000,157.6270000000
2026-05-12T02:45:00+00:00,USDJPY,157.5900000000,157.5910000000
2026-05-12T03:00:00+00:00,USDJPY,157.5840000000,157.5850000000
2026-05-12T03:15:00+00:00,USDJPY,157.5730000000,157.5730000000
2026-05-12T03:30:00+00:00,USDJPY,157.5920000000,157.5980000000
2026-05-12T03:45:00+00:00,USDJPY,157.6120000000,157.6160000000
2026-05-12T04:00:00+00:00,USDJPY,157.6270000000,157.6270000000
2026-05-12T04:15:00+00:00,USDJPY,157.6370000000,157.6370000000
2026-05-12T04:30:00+00:00,USDJPY,157.5540000000,157.5590000000
2026-05-12T04:45:00+00:00,USDJPY,157.5860000000,157.5870000000
2026-05-12T05:00:00+00:00,USDJPY,157.6410000000,157.6450000000
2026-05-12T05:15:00+00:00,USDJPY,157.6650000000,157.6710000000
2026-05-12T05:30:00+00:00,USDJPY,157.7360000000,157.7380000000
2026-05-12T05:45:00+00:00,USDJPY,157.3120000000,157.3160000000
2026-05-12T06:00:00+00:00,USDJPY,157.2950000000,157.2960000000
2026-05-12T06:15:00+00:00,USDJPY,157.4630000000,157.4640000000
2026-05-12T06:30:00+00:00,USDJPY,157.4150000000,157.4160000000
2026-05-12T06:45:00+00:00,USDJPY,157.5140000000,157.5150000000
2026-05-12T07:00:00+00:00,USDJPY,157.5150000000,157.5160000000
2026-05-12T07:15:00+00:00,USDJPY,157.4660000000,157.4680000000
2026-05-12T07:30:00+00:00,USDJPY,157.5170000000,157.5170000000
2026-05-12T07:45:00+00:00,USDJPY,157.5060000000,157.5080000000
2026-05-12T08:00:00+00:00,USDJPY,157.5990000000,157.5990000000
2026-05-12T08:15:00+00:00,USDJPY,157.6250000000,157.6250000000
2026-05-12T08:30:00+00:00,USDJPY,157.6520000000,157.6530000000
2026-05-12T08:45:00+00:00,USDJPY,157.6180000000,157.6190000000
2026-05-12T09:00:00+00:00,USDJPY,157.6380000000,157.6390000000
2026-05-12T09:15:00+00:00,USDJPY,157.6000000000,157.6010000000
2026-05-12T09:30:00+00:00,USDJPY,157.5990000000,157.6000000000
2026-05-12T09:45:00+00:00,USDJPY,157.5630000000,157.5630000000
2026-05-12T10:00:00+00:00,USDJPY,157.5770000000,157.5770000000
2026-05-12T10:15:00+00:00,USDJPY,157.5540000000,157.5550000000
2026-05-12T10:30:00+00:00,USDJPY,157.5180000000,157.5180000000
2026-05-12T10:45:00+00:00,USDJPY,157.5610000000,157.5630000000
2026-05-12T11:00:00+00:00,USDJPY,157.5520000000,157.5530000000
2026-05-12T11:15:00+00:00,USDJPY,157.5630000000,157.5660000000
2026-05-12T11:30:00+00:00,USDJPY,157.5280000000,157.5280000000
2026-05-12T11:45:00+00:00,USDJPY,157.5730000000,157.5740000000
2026-05-12T12:00:00+00:00,USDJPY,157.5900000000,157.5910000000
2026-05-12T12:15:00+00:00,USDJPY,157.5660000000,157.6000000000
2026-05-12T12:30:00+00:00,USDJPY,157.5520000000,157.5530000000
2026-05-12T12:45:00+00:00,USDJPY,157.5540000000,157.5540000000
2026-05-12T13:00:00+00:00,USDJPY,157.5790000000,157.5790000000
2026-05-12T13:15:00+00:00,USDJPY,157.5810000000,157.5820000000
2026-05-12T13:30:00+00:00,USDJPY,157.6120000000,157.6130000000
2026-05-12T13:45:00+00:00,USDJPY,157.6520000000,157.6520000000
2026-05-12T14:00:00+00:00,USDJPY,157.5780000000,157.5790000000
2026-05-12T14:15:00+00:00,USDJPY,157.6040000000,157.6050000000
2026-05-12T14:30:00+00:00,USDJPY,157.6120000000,157.6130000000
2026-05-12T14:45:00+00:00,USDJPY,157.6240000000,157.6250000000
2026-05-12T15:00:00+00:00,USDJPY,157.6760000000,157.6770000000
2026-05-12T15:15:00+00:00,USDJPY,157.7480000000,157.7490000000
2026-05-12T15:30:00+00:00,USDJPY,157.6910000000,157.6920000000
2026-05-12T15:45:00+00:00,USDJPY,157.7110000000,157.7110000000
2026-05-12T16:00:00+00:00,USDJPY,157.7130000000,157.7140000000
2026-05-12T16:15:00+00:00,USDJPY,157.6990000000,157.7050000000
2026-05-12T16:30:00+00:00,USDJPY,157.7160000000,157.7190000000
2026-05-12T16:45:00+00:00,USDJPY,157.7520000000,157.7520000000
2026-05-12T17:00:00+00:00,USDJPY,157.7260000000,157.7260000000
2026-05-12T17:15:00+00:00,USDJPY,157.7020000000,157.7030000000
2026-05-12T17:30:00+00:00,USDJPY,157.6940000000,157.6950000000
2026-05-12T17:45:00+00:00,USDJPY,157.6930000000,157.6960000000
2026-05-12T18:00:00+00:00,USDJPY,157.6940000000,157.6940000000
2026-05-12T18:15:00+00:00,USDJPY,157.6100000000,157.6100000000
2026-05-12T18:30:00+00:00,USDJPY,157.6190000000,157.6200000000
2026-05-12T18:45:00+00:00,USDJPY,157.5930000000,157.5950000000
2026-05-12T19:00:00+00:00,USDJPY,157.5690000000,157.5700000000
2026-05-12T19:15:00+00:00,USDJPY,157.5660000000,157.5670000000
2026-05-12T19:30:00+00:00,USDJPY,157.5610000000,157.5660000000
2026-05-12T19:45:00+00:00,USDJPY,157.6360000000,157.6360000000
2026-05-12T20:00:00+00:00,USDJPY,157.6320000000,157.6360000000
2026-05-12T20:15:00+00:00,USDJPY,157.6320000000,157.6390000000
2026-05-12T20:30:00+00:00,USDJPY,157.6510000000,157.6570000000
2026-05-12T20:45:00+00:00,USDJPY,157.6070000000,157.6390000000
2026-05-12T21:00:00+00:00,USDJPY,157.5880000000,157.6430000000
2026-05-12T21:15:00+00:00,USDJPY,157.5800000000,157.6460000000
2026-05-12T21:30:00+00:00,USDJPY,157.5940000000,157.6210000000
2026-05-12T21:45:00+00:00,USDJPY,157.5500000000,157.6120000000
2026-05-12T22:00:00+00:00,USDJPY,157.6130000000,157.6130000000
2026-05-12T22:15:00+00:00,USDJPY,157.6030000000,157.6030000000
2026-05-12T22:30:00+00:00,USDJPY,157.6050000000,157.6060000000
2026-05-12T22:45:00+00:00,USDJPY,157.6020000000,157.6020000000
2026-05-12T23:00:00+00:00,USDJPY,157.5990000000,157.6000000000
2026-05-12T23:15:00+00:00,USDJPY,157.6060000000,157.6070000000
2026-05-12T23:30:00+00:00,USDJPY,157.6140000000,157.6160000000
2026-05-12T23:45:00+00:00,USDJPY,157.6700000000,157.6750000000
2026-05-11T00:00:00+00:00,XAGUSD,79.9590000000,79.9800000000
2026-05-11T00:15:00+00:00,XAGUSD,80.0900000000,80.1060000000
2026-05-11T00:30:00+00:00,XAGUSD,80.2490000000,80.2650000000
2026-05-11T00:45:00+00:00,XAGUSD,80.0180000000,80.0304000000
2026-05-11T01:00:00+00:00,XAGUSD,79.9850000000,79.9980000000
2026-05-11T01:15:00+00:00,XAGUSD,80.6350000000,80.6460000000
2026-05-11T01:30:00+00:00,XAGUSD,80.7160000000,80.7270000000
2026-05-11T01:45:00+00:00,XAGUSD,80.8020000000,80.8130000000
2026-05-11T02:00:00+00:00,XAGUSD,80.9470000000,80.9590000000
2026-05-11T02:15:00+00:00,XAGUSD,81.0760000000,81.0860000000
2026-05-11T02:30:00+00:00,XAGUSD,81.2870000000,81.2990000000
2026-05-11T02:45:00+00:00,XAGUSD,80.9570000000,80.9710000000
2026-05-11T03:00:00+00:00,XAGUSD,81.0310000000,81.0430000000
2026-05-11T03:15:00+00:00,XAGUSD,80.9770000000,80.9900000000
2026-05-11T03:30:00+00:00,XAGUSD,80.7540000000,80.7677000000
2026-05-11T03:45:00+00:00,XAGUSD,80.6470000000,80.6605000000
2026-05-11T04:00:00+00:00,XAGUSD,80.5200000000,80.5350000000
2026-05-11T04:15:00+00:00,XAGUSD,80.4250000000,80.4350000000
2026-05-11T04:30:00+00:00,XAGUSD,80.3950000000,80.4070000000
2026-05-11T04:45:00+00:00,XAGUSD,80.3180000000,80.3276000000
2026-05-11T05:00:00+00:00,XAGUSD,80.3410000000,80.3530000000
2026-05-11T05:15:00+00:00,XAGUSD,80.1660000000,80.1850000000
2026-05-11T05:30:00+00:00,XAGUSD,80.0530000000,80.0660000000
2026-05-11T05:45:00+00:00,XAGUSD,79.8960000000,79.9090000000
2026-05-11T06:00:00+00:00,XAGUSD,80.2910000000,80.3040000000
2026-05-11T06:15:00+00:00,XAGUSD,80.4381000000,80.4530000000
2026-05-11T06:30:00+00:00,XAGUSD,80.5070000000,80.5180000000
2026-05-11T06:45:00+00:00,XAGUSD,80.6110000000,80.6304000000
2026-05-11T07:00:00+00:00,XAGUSD,80.4350000000,80.4420000000
2026-05-11T07:15:00+00:00,XAGUSD,80.5240000000,80.5320000000
2026-05-11T07:30:00+00:00,XAGUSD,80.3740000000,80.3810000000
2026-05-11T07:45:00+00:00,XAGUSD,80.2970000000,80.3040000000
2026-05-11T08:00:00+00:00,XAGUSD,80.4600000000,80.4720000000
2026-05-11T08:15:00+00:00,XAGUSD,80.4020000000,80.4110000000
2026-05-11T08:30:00+00:00,XAGUSD,80.3970000000,80.4040000000
2026-05-11T08:45:00+00:00,XAGUSD,80.2840000000,80.2919000000
2026-05-11T09:00:00+00:00,XAGUSD,80.2980000000,80.3030000000
2026-05-11T09:15:00+00:00,XAGUSD,80.1240000000,80.1360000000
2026-05-11T09:30:00+00:00,XAGUSD,80.3100000000,80.3180000000
2026-05-11T09:45:00+00:00,XAGUSD,80.1170000000,80.1240000000
2026-05-11T10:00:00+00:00,XAGUSD,80.2500000000,80.2560000000
2026-05-11T10:15:00+00:00,XAGUSD,80.3810000000,80.3842000000
2026-05-11T10:30:00+00:00,XAGUSD,80.4630000000,80.4680000000
2026-05-11T10:45:00+00:00,XAGUSD,80.3760000000,80.3820000000
2026-05-11T11:00:00+00:00,XAGUSD,80.4600000000,80.4660000000
2026-05-11T11:15:00+00:00,XAGUSD,80.6140000000,80.6190000000
2026-05-11T11:30:00+00:00,XAGUSD,81.1830000000,81.1910000000
2026-05-11T11:45:00+00:00,XAGUSD,81.3370000000,81.3411000000
2026-05-11T12:00:00+00:00,XAGUSD,81.1160000000,81.1210000000
2026-05-11T12:15:00+00:00,XAGUSD,82.8350000000,82.8440000000
2026-05-11T12:30:00+00:00,XAGUSD,82.7670000000,82.7740000000
2026-05-11T12:45:00+00:00,XAGUSD,83.6250000000,83.6330000000
2026-05-11T13:00:00+00:00,XAGUSD,85.0910000000,85.1040000000
2026-05-11T13:15:00+00:00,XAGUSD,85.1800000000,85.1870000000
2026-05-11T13:30:00+00:00,XAGUSD,85.7915000000,85.7930000000
2026-05-11T13:45:00+00:00,XAGUSD,85.5390000000,85.5420000000
2026-05-11T14:00:00+00:00,XAGUSD,85.0645000000,85.0690000000
2026-05-11T14:15:00+00:00,XAGUSD,84.5899000000,84.6000000000
2026-05-11T14:30:00+00:00,XAGUSD,84.9470000000,84.9540000000
2026-05-11T14:45:00+00:00,XAGUSD,84.8905000000,84.8990000000
2026-05-11T15:00:00+00:00,XAGUSD,85.1980000000,85.2030000000
2026-05-11T15:15:00+00:00,XAGUSD,85.6690000000,85.6714000000
2026-05-11T15:30:00+00:00,XAGUSD,85.7106000000,85.7140000000
2026-05-11T15:45:00+00:00,XAGUSD,85.9590000000,85.9590000000
2026-05-11T16:00:00+00:00,XAGUSD,85.6508000000,85.6560000000
2026-05-11T16:15:00+00:00,XAGUSD,85.5000000000,85.5074000000
2026-05-11T16:30:00+00:00,XAGUSD,85.0720000000,85.0780000000
2026-05-11T16:45:00+00:00,XAGUSD,85.1940000000,85.2007000000
2026-05-11T17:00:00+00:00,XAGUSD,85.0242000000,85.0290000000
2026-05-11T17:15:00+00:00,XAGUSD,85.3790000000,85.3860000000
2026-05-11T17:30:00+00:00,XAGUSD,85.5590000000,85.5650000000
2026-05-11T17:45:00+00:00,XAGUSD,85.6491000000,85.6540000000
2026-05-11T18:00:00+00:00,XAGUSD,85.6200000000,85.6270000000
2026-05-11T18:15:00+00:00,XAGUSD,85.8380000000,85.8440000000
2026-05-11T18:30:00+00:00,XAGUSD,85.8634000000,85.8650000000
2026-05-11T18:45:00+00:00,XAGUSD,85.7906000000,85.7970000000
2026-05-11T19:00:00+00:00,XAGUSD,85.9590000000,85.9660000000
2026-05-11T19:15:00+00:00,XAGUSD,86.0000000000,86.0070000000
2026-05-11T19:30:00+00:00,XAGUSD,86.0400000000,86.0470000000
2026-05-11T19:45:00+00:00,XAGUSD,86.1630000000,86.1719000000
2026-05-11T20:00:00+00:00,XAGUSD,85.8450000000,85.8620000000
2026-05-11T20:15:00+00:00,XAGUSD,85.9960000000,86.0030000000
2026-05-11T20:30:00+00:00,XAGUSD,86.1740000000,86.1820000000
2026-05-11T20:45:00+00:00,XAGUSD,85.6245000000,86.2240000000
2026-05-11T21:00:00+00:00,XAGUSD,83.5720000000,86.2190000000
2026-05-11T22:00:00+00:00,XAGUSD,86.2070000000,86.2180000000
2026-05-11T22:15:00+00:00,XAGUSD,86.3440000000,86.3585000000
2026-05-11T22:30:00+00:00,XAGUSD,86.7350000000,86.7484000000
2026-05-11T22:45:00+00:00,XAGUSD,86.8850000000,86.9000000000
2026-05-11T23:00:00+00:00,XAGUSD,86.3690000000,86.3800000000
2026-05-11T23:15:00+00:00,XAGUSD,86.6240000000,86.6405000000
2026-05-11T23:30:00+00:00,XAGUSD,86.8460000000,86.8640000000
2026-05-11T23:45:00+00:00,XAGUSD,87.1540000000,87.1640000000
2026-05-12T00:00:00+00:00,XAGUSD,86.7300000000,86.7420000000
2026-05-12T00:15:00+00:00,XAGUSD,86.5690000000,86.5800000000
2026-05-12T00:30:00+00:00,XAGUSD,86.3120000000,86.3220000000
2026-05-12T00:45:00+00:00,XAGUSD,86.0270000000,86.0480000000
2026-05-12T01:00:00+00:00,XAGUSD,86.7570000000,86.7710000000
2026-05-12T01:15:00+00:00,XAGUSD,86.3800000000,86.3920000000
2026-05-12T01:30:00+00:00,XAGUSD,86.0950000000,86.1140000000
2026-05-12T01:45:00+00:00,XAGUSD,86.0360000000,86.0410000000
2026-05-12T02:00:00+00:00,XAGUSD,86.3060000000,86.3124000000
2026-05-12T02:15:00+00:00,XAGUSD,86.0590000000,86.0710000000
2026-05-12T02:30:00+00:00,XAGUSD,85.9770000000,85.9880000000
2026-05-12T02:45:00+00:00,XAGUSD,86.3070000000,86.3190000000
2026-05-12T03:00:00+00:00,XAGUSD,86.2960000000,86.3080000000
2026-05-12T03:15:00+00:00,XAGUSD,86.0420000000,86.0560000000
2026-05-12T03:30:00+00:00,XAGUSD,86.2730000000,86.2850000000
2026-05-12T03:45:00+00:00,XAGUSD,86.1290000000,86.1370000000
2026-05-12T04:00:00+00:00,XAGUSD,86.2660000000,86.2670000000
2026-05-12T04:15:00+00:00,XAGUSD,86.1640000000,86.1664000000
2026-05-12T04:30:00+00:00,XAGUSD,86.2620000000,86.2730000000
2026-05-12T04:45:00+00:00,XAGUSD,86.0340000000,86.0450000000
2026-05-12T05:00:00+00:00,XAGUSD,85.7580000000,85.7684000000
2026-05-12T05:15:00+00:00,XAGUSD,85.8290000000,85.8364000000
2026-05-12T05:30:00+00:00,XAGUSD,85.5940000000,85.6050000000
2026-05-12T05:45:00+00:00,XAGUSD,85.5040000000,85.5110000000
2026-05-12T06:00:00+00:00,XAGUSD,84.8300000000,84.8410000000
2026-05-12T06:15:00+00:00,XAGUSD,84.6790000000,84.6941000000
2026-05-12T06:30:00+00:00,XAGUSD,84.4620000000,84.4680000000
2026-05-12T06:45:00+00:00,XAGUSD,84.1870000000,84.1940000000
2026-05-12T07:00:00+00:00,XAGUSD,84.1350000000,84.1395000000
2026-05-12T07:15:00+00:00,XAGUSD,84.2356000000,84.2356000000
2026-05-12T07:30:00+00:00,XAGUSD,84.3130000000,84.3130000000
2026-05-12T07:45:00+00:00,XAGUSD,84.4820000000,84.4890000000
2026-05-12T08:00:00+00:00,XAGUSD,84.1920000000,84.1980000000
2026-05-12T08:15:00+00:00,XAGUSD,84.2890000000,84.2940000000
2026-05-12T08:30:00+00:00,XAGUSD,84.1930000000,84.1970000000
2026-05-12T08:45:00+00:00,XAGUSD,84.3186000000,84.3186000000
2026-05-12T09:00:00+00:00,XAGUSD,84.0620000000,84.0680000000
2026-05-12T09:15:00+00:00,XAGUSD,83.9977000000,83.9977000000
2026-05-12T09:30:00+00:00,XAGUSD,84.0120000000,84.0200000000
2026-05-12T09:45:00+00:00,XAGUSD,83.9320000000,83.9380000000
2026-05-12T10:00:00+00:00,XAGUSD,84.3560000000,84.3620000000
2026-05-12T10:15:00+00:00,XAGUSD,84.0110000000,84.0190000000
2026-05-12T10:30:00+00:00,XAGUSD,83.6400000000,83.6500000000
2026-05-12T10:45:00+00:00,XAGUSD,83.7020000000,83.7090000000
2026-05-12T11:00:00+00:00,XAGUSD,83.3840000000,83.3910000000
2026-05-12T11:15:00+00:00,XAGUSD,83.5950000000,83.6000000000
2026-05-12T11:30:00+00:00,XAGUSD,83.9080000000,83.9130000000
2026-05-12T11:45:00+00:00,XAGUSD,84.1210000000,84.1270000000
2026-05-12T12:00:00+00:00,XAGUSD,83.6340000000,83.6420000000
2026-05-12T12:15:00+00:00,XAGUSD,83.9170000000,83.9290000000
2026-05-12T12:30:00+00:00,XAGUSD,84.2720000000,84.2820000000
2026-05-12T12:45:00+00:00,XAGUSD,84.4516000000,84.4520000000
2026-05-12T13:00:00+00:00,XAGUSD,84.3750000000,84.3920000000
2026-05-12T13:15:00+00:00,XAGUSD,84.5295000000,84.5420000000
2026-05-12T13:30:00+00:00,XAGUSD,85.2560000000,85.2580000000
2026-05-12T13:45:00+00:00,XAGUSD,84.4960000000,84.5120000000
2026-05-12T14:00:00+00:00,XAGUSD,85.3590000000,85.3670000000
2026-05-12T14:15:00+00:00,XAGUSD,85.0320000000,85.0470000000
2026-05-12T14:30:00+00:00,XAGUSD,85.0120000000,85.0220000000
2026-05-12T14:45:00+00:00,XAGUSD,84.3750000000,84.3820000000
2026-05-12T15:00:00+00:00,XAGUSD,84.0750000000,84.0850000000
2026-05-12T15:15:00+00:00,XAGUSD,83.6490000000,83.6580000000
2026-05-12T15:30:00+00:00,XAGUSD,84.1250000000,84.1295000000
2026-05-12T15:45:00+00:00,XAGUSD,84.1850000000,84.1918000000
2026-05-12T16:00:00+00:00,XAGUSD,84.5140000000,84.5259000000
2026-05-12T16:15:00+00:00,XAGUSD,84.4110000000,84.4210000000
2026-05-12T16:30:00+00:00,XAGUSD,84.3500000000,84.3600000000
2026-05-12T16:45:00+00:00,XAGUSD,84.6420000000,84.6530000000
2026-05-12T17:00:00+00:00,XAGUSD,84.9330000000,84.9430000000
2026-05-12T17:15:00+00:00,XAGUSD,84.9280000000,84.9380000000
2026-05-12T17:30:00+00:00,XAGUSD,85.2840000000,85.2850000000
2026-05-12T17:45:00+00:00,XAGUSD,85.0960000000,85.1020000000
2026-05-12T18:00:00+00:00,XAGUSD,85.0503000000,85.0590000000
2026-05-12T18:15:00+00:00,XAGUSD,85.3860000000,85.3970000000
2026-05-12T18:30:00+00:00,XAGUSD,85.8890000000,85.8930000000
2026-05-12T18:45:00+00:00,XAGUSD,86.0977000000,86.1040000000
2026-05-12T19:00:00+00:00,XAGUSD,86.3640000000,86.3730000000
2026-05-12T19:15:00+00:00,XAGUSD,86.3110000000,86.3170000000
2026-05-12T19:30:00+00:00,XAGUSD,86.6100000000,86.6180000000
2026-05-12T19:45:00+00:00,XAGUSD,86.7720000000,86.7820000000
2026-05-12T20:00:00+00:00,XAGUSD,86.6810000000,86.6900000000
2026-05-12T20:15:00+00:00,XAGUSD,86.6015000000,86.6164000000
2026-05-12T20:30:00+00:00,XAGUSD,86.6030000000,86.6180000000
2026-05-12T20:45:00+00:00,XAGUSD,86.4571000000,86.8985000000
2026-05-12T21:00:00+00:00,XAGUSD,86.4571000000,86.8985000000
2026-05-12T22:00:00+00:00,XAGUSD,86.7171000000,86.7171000000
2026-05-12T22:15:00+00:00,XAGUSD,86.8515000000,86.8580000000
2026-05-12T22:30:00+00:00,XAGUSD,86.7890000000,86.8000000000
2026-05-12T22:45:00+00:00,XAGUSD,86.7636000000,86.7721000000
2026-05-12T23:00:00+00:00,XAGUSD,86.7190000000,86.7285000000
2026-05-12T23:15:00+00:00,XAGUSD,86.8360000000,86.8450000000
2026-05-12T23:30:00+00:00,XAGUSD,87.0720000000,87.0860000000
2026-05-12T23:45:00+00:00,XAGUSD,87.1640000000,87.1654000000
2026-05-11T00:00:00+00:00,XAUUSD,4682.7250000000,4682.8210000000
2026-05-11T00:15:00+00:00,XAUUSD,4683.6350000000,4683.6750000000
2026-05-11T00:30:00+00:00,XAUUSD,4689.0950000000,4689.2300000000
2026-05-11T00:45:00+00:00,XAUUSD,4683.6150000000,4683.7250000000
2026-05-11T01:00:00+00:00,XAUUSD,4692.1150000000,4692.2350000000
2026-05-11T01:15:00+00:00,XAUUSD,4698.9200000000,4699.0300000000
2026-05-11T01:30:00+00:00,XAUUSD,4694.4350000000,4694.5500000000
2026-05-11T01:45:00+00:00,XAUUSD,4685.6850000000,4685.8350000000
2026-05-11T02:00:00+00:00,XAUUSD,4686.0950000000,4686.1850000000
2026-05-11T02:15:00+00:00,XAUUSD,4688.5150000000,4688.6210000000
2026-05-11T02:30:00+00:00,XAUUSD,4688.6100000000,4688.6900000000
2026-05-11T02:45:00+00:00,XAUUSD,4681.7000000000,4681.8100000000
2026-05-11T03:00:00+00:00,XAUUSD,4687.1900000000,4687.2450000000
2026-05-11T03:15:00+00:00,XAUUSD,4689.5300000000,4689.6050000000
2026-05-11T03:30:00+00:00,XAUUSD,4687.8200000000,4687.9100000000
2026-05-11T03:45:00+00:00,XAUUSD,4678.7090000000,4678.7350000000
2026-05-11T04:00:00+00:00,XAUUSD,4677.5250000000,4677.5850000000
2026-05-11T04:15:00+00:00,XAUUSD,4671.8920000000,4671.8920000000
2026-05-11T04:30:00+00:00,XAUUSD,4673.0750000000,4673.1750000000
2026-05-11T04:45:00+00:00,XAUUSD,4672.1050000000,4672.1700000000
2026-05-11T05:00:00+00:00,XAUUSD,4673.5040000000,4673.5300000000
2026-05-11T05:15:00+00:00,XAUUSD,4670.7350000000,4670.8650000000
2026-05-11T05:30:00+00:00,XAUUSD,4663.8880000000,4663.8880000000
2026-05-11T05:45:00+00:00,XAUUSD,4652.3100000000,4652.4200000000
2026-05-11T06:00:00+00:00,XAUUSD,4665.3950000000,4665.4350000000
2026-05-11T06:15:00+00:00,XAUUSD,4667.3900000000,4667.5250000000
2026-05-11T06:30:00+00:00,XAUUSD,4674.4190000000,4674.4600000000
2026-05-11T06:45:00+00:00,XAUUSD,4678.5050000000,4678.5100000000
2026-05-11T07:00:00+00:00,XAUUSD,4676.0900000000,4676.1550000000
2026-05-11T07:15:00+00:00,XAUUSD,4675.8450000000,4675.9350000000
2026-05-11T07:30:00+00:00,XAUUSD,4672.0460000000,4672.1250000000
2026-05-11T07:45:00+00:00,XAUUSD,4667.8100000000,4667.8500000000
2026-05-11T08:00:00+00:00,XAUUSD,4672.0700000000,4672.1250000000
2026-05-11T08:15:00+00:00,XAUUSD,4671.7450000000,4671.8250000000
2026-05-11T08:30:00+00:00,XAUUSD,4670.4250000000,4670.5450000000
2026-05-11T08:45:00+00:00,XAUUSD,4667.6050000000,4667.6800000000
2026-05-11T09:00:00+00:00,XAUUSD,4667.5850000000,4667.6850000000
2026-05-11T09:15:00+00:00,XAUUSD,4657.6600000000,4657.6850000000
2026-05-11T09:30:00+00:00,XAUUSD,4662.9650000000,4662.9650000000
2026-05-11T09:45:00+00:00,XAUUSD,4656.8160000000,4656.8750000000
2026-05-11T10:00:00+00:00,XAUUSD,4662.5850000000,4662.6500000000
2026-05-11T10:15:00+00:00,XAUUSD,4663.4500000000,4663.5000000000
2026-05-11T10:30:00+00:00,XAUUSD,4663.4600000000,4663.5150000000
2026-05-11T10:45:00+00:00,XAUUSD,4664.0300000000,4664.0350000000
2026-05-11T11:00:00+00:00,XAUUSD,4669.4550000000,4669.5500000000
2026-05-11T11:15:00+00:00,XAUUSD,4671.9900000000,4672.0000000000
2026-05-11T11:30:00+00:00,XAUUSD,4674.4900000000,4674.5550000000
2026-05-11T11:45:00+00:00,XAUUSD,4674.5400000000,4674.5900000000
2026-05-11T12:00:00+00:00,XAUUSD,4668.4950000000,4668.5200000000
2026-05-11T12:15:00+00:00,XAUUSD,4690.7450000000,4690.8350000000
2026-05-11T12:30:00+00:00,XAUUSD,4692.3150000000,4692.3160000000
2026-05-11T12:45:00+00:00,XAUUSD,4700.0390000000,4700.1250000000
2026-05-11T13:00:00+00:00,XAUUSD,4721.0700000000,4721.2150000000
2026-05-11T13:15:00+00:00,XAUUSD,4728.5000000000,4728.5400000000
2026-05-11T13:30:00+00:00,XAUUSD,4743.8300000000,4743.8320000000
2026-05-11T13:45:00+00:00,XAUUSD,4736.1400000000,4736.1400000000
2026-05-11T14:00:00+00:00,XAUUSD,4731.0000000000,4731.0350000000
2026-05-11T14:15:00+00:00,XAUUSD,4725.1000000000,4725.2000000000
2026-05-11T14:30:00+00:00,XAUUSD,4732.5500000000,4732.6150000000
2026-05-11T14:45:00+00:00,XAUUSD,4725.5900000000,4725.6700000000
2026-05-11T15:00:00+00:00,XAUUSD,4728.5800000000,4728.6150000000
2026-05-11T15:15:00+00:00,XAUUSD,4732.9450000000,4733.0550000000
2026-05-11T15:30:00+00:00,XAUUSD,4727.4450000000,4727.5200000000
2026-05-11T15:45:00+00:00,XAUUSD,4732.2270000000,4732.3450000000
2026-05-11T16:00:00+00:00,XAUUSD,4727.8800000000,4727.9800000000
2026-05-11T16:15:00+00:00,XAUUSD,4724.0300000000,4724.0700000000
2026-05-11T16:30:00+00:00,XAUUSD,4711.3850000000,4711.5350000000
2026-05-11T16:45:00+00:00,XAUUSD,4716.5800000000,4716.6400000000
2026-05-11T17:00:00+00:00,XAUUSD,4718.4050000000,4718.4500000000
2026-05-11T17:15:00+00:00,XAUUSD,4718.1790000000,4718.2750000000
2026-05-11T17:30:00+00:00,XAUUSD,4723.9850000000,4724.0380000000
2026-05-11T17:45:00+00:00,XAUUSD,4723.7450000000,4723.8350000000
2026-05-11T18:00:00+00:00,XAUUSD,4723.5550000000,4723.6500000000
2026-05-11T18:15:00+00:00,XAUUSD,4727.2450000000,4727.3600000000
2026-05-11T18:30:00+00:00,XAUUSD,4726.9850000000,4727.0250000000
2026-05-11T18:45:00+00:00,XAUUSD,4725.0650000000,4725.0950000000
2026-05-11T19:00:00+00:00,XAUUSD,4724.9000000000,4725.0000000000
2026-05-11T19:15:00+00:00,XAUUSD,4724.3400000000,4724.4150000000
2026-05-11T19:30:00+00:00,XAUUSD,4727.0500000000,4727.0700000000
2026-05-11T19:45:00+00:00,XAUUSD,4733.5700000000,4733.7050000000
2026-05-11T20:00:00+00:00,XAUUSD,4735.0600000000,4735.1650000000
2026-05-11T20:15:00+00:00,XAUUSD,4735.4150000000,4735.4750000000
2026-05-11T20:30:00+00:00,XAUUSD,4737.5800000000,4737.6600000000
2026-05-11T20:45:00+00:00,XAUUSD,4735.6100000000,4735.8100000000
2026-05-11T21:00:00+00:00,XAUUSD,4735.3650000000,4735.9800000000
2026-05-11T22:00:00+00:00,XAUUSD,4739.1450000000,4739.2750000000
2026-05-11T22:15:00+00:00,XAUUSD,4739.9540000000,4739.9850000000
2026-05-11T22:30:00+00:00,XAUUSD,4744.8000000000,4744.9500000000
2026-05-11T22:45:00+00:00,XAUUSD,4750.9730000000,4751.0500000000
2026-05-11T23:00:00+00:00,XAUUSD,4751.1950000000,4751.3450000000
2026-05-11T23:15:00+00:00,XAUUSD,4752.9650000000,4753.0850000000
2026-05-11T23:30:00+00:00,XAUUSD,4756.0250000000,4756.1250000000
2026-05-11T23:45:00+00:00,XAUUSD,4767.4600000000,4767.4770000000
2026-05-12T00:00:00+00:00,XAUUSD,4767.0450000000,4767.1500000000
2026-05-12T00:15:00+00:00,XAUUSD,4762.3800000000,4762.4590000000
2026-05-12T00:30:00+00:00,XAUUSD,4757.9550000000,4758.0800000000
2026-05-12T00:45:00+00:00,XAUUSD,4749.3300000000,4749.3700000000
2026-05-12T01:00:00+00:00,XAUUSD,4746.2800000000,4746.3950000000
2026-05-12T01:15:00+00:00,XAUUSD,4735.2050000000,4735.3400000000
2026-05-12T01:30:00+00:00,XAUUSD,4729.5150000000,4729.5810000000
2026-05-12T01:45:00+00:00,XAUUSD,4727.2750000000,4727.4150000000
2026-05-12T02:00:00+00:00,XAUUSD,4731.5400000000,4731.6550000000
2026-05-12T02:15:00+00:00,XAUUSD,4727.1400000000,4727.1920000000
2026-05-12T02:30:00+00:00,XAUUSD,4731.8750000000,4731.9010000000
2026-05-12T02:45:00+00:00,XAUUSD,4730.0000000000,4730.0900000000
2026-05-12T03:00:00+00:00,XAUUSD,4731.2050000000,4731.2060000000
2026-05-12T03:15:00+00:00,XAUUSD,4723.9950000000,4724.1100000000
2026-05-12T03:30:00+00:00,XAUUSD,4724.1550000000,4724.2070000000
2026-05-12T03:45:00+00:00,XAUUSD,4720.2350000000,4720.3350000000
2026-05-12T04:00:00+00:00,XAUUSD,4722.0250000000,4722.0850000000
2026-05-12T04:15:00+00:00,XAUUSD,4722.5600000000,4722.7000000000
2026-05-12T04:30:00+00:00,XAUUSD,4724.7350000000,4724.8600000000
2026-05-12T04:45:00+00:00,XAUUSD,4714.1900000000,4714.3000000000
2026-05-12T05:00:00+00:00,XAUUSD,4712.3940000000,4712.5000000000
2026-05-12T05:15:00+00:00,XAUUSD,4715.3650000000,4715.4700000000
2026-05-12T05:30:00+00:00,XAUUSD,4715.1700000000,4715.2500000000
2026-05-12T05:45:00+00:00,XAUUSD,4714.3450000000,4714.4800000000
2026-05-12T06:00:00+00:00,XAUUSD,4705.2750000000,4705.3400000000
2026-05-12T06:15:00+00:00,XAUUSD,4696.1250000000,4696.1650000000
2026-05-12T06:30:00+00:00,XAUUSD,4702.5250000000,4702.5750000000
2026-05-12T06:45:00+00:00,XAUUSD,4697.1300000000,4697.2150000000
2026-05-12T07:00:00+00:00,XAUUSD,4695.9800000000,4696.0430000000
2026-05-12T07:15:00+00:00,XAUUSD,4697.9900000000,4698.0000000000
2026-05-12T07:30:00+00:00,XAUUSD,4700.4500000000,4700.4900000000
2026-05-12T07:45:00+00:00,XAUUSD,4699.9220000000,4699.9800000000
2026-05-12T08:00:00+00:00,XAUUSD,4699.7600000000,4699.7600000000
2026-05-12T08:15:00+00:00,XAUUSD,4702.9800000000,4703.0600000000
2026-05-12T08:30:00+00:00,XAUUSD,4700.0900000000,4700.1450000000
2026-05-12T08:45:00+00:00,XAUUSD,4703.4530000000,4703.4530000000
2026-05-12T09:00:00+00:00,XAUUSD,4698.0250000000,4698.1150000000
2026-05-12T09:15:00+00:00,XAUUSD,4699.7400000000,4699.7800000000
2026-05-12T09:30:00+00:00,XAUUSD,4695.3300000000,4695.4750000000
2026-05-12T09:45:00+00:00,XAUUSD,4699.5550000000,4699.6250000000
2026-05-12T10:00:00+00:00,XAUUSD,4705.0700000000,4705.1220000000
2026-05-12T10:15:00+00:00,XAUUSD,4700.2500000000,4700.2800000000
2026-05-12T10:30:00+00:00,XAUUSD,4690.7550000000,4690.7950000000
2026-05-12T10:45:00+00:00,XAUUSD,4694.4350000000,4694.5050000000
2026-05-12T11:00:00+00:00,XAUUSD,4691.7350000000,4691.8000000000
2026-05-12T11:15:00+00:00,XAUUSD,4700.1810000000,4700.1810000000
2026-05-12T11:30:00+00:00,XAUUSD,4704.3350000000,4704.3750000000
2026-05-12T11:45:00+00:00,XAUUSD,4706.6850000000,4706.7400000000
2026-05-12T12:00:00+00:00,XAUUSD,4705.7460000000,4705.8050000000
2026-05-12T12:15:00+00:00,XAUUSD,4697.3460000000,4697.3900000000
2026-05-12T12:30:00+00:00,XAUUSD,4702.8550000000,4702.8780000000
2026-05-12T12:45:00+00:00,XAUUSD,4705.7500000000,4705.8350000000
2026-05-12T13:00:00+00:00,XAUUSD,4689.0150000000,4689.1050000000
2026-05-12T13:15:00+00:00,XAUUSD,4690.9050000000,4691.0000000000
2026-05-12T13:30:00+00:00,XAUUSD,4699.2840000000,4699.3200000000
2026-05-12T13:45:00+00:00,XAUUSD,4679.2790000000,4679.2900000000
2026-05-12T14:00:00+00:00,XAUUSD,4692.9000000000,4692.9650000000
2026-05-12T14:15:00+00:00,XAUUSD,4683.3610000000,4683.4100000000
2026-05-12T14:30:00+00:00,XAUUSD,4685.8850000000,4685.9000000000
2026-05-12T14:45:00+00:00,XAUUSD,4672.9550000000,4672.9600000000
2026-05-12T15:00:00+00:00,XAUUSD,4664.6050000000,4664.6300000000
2026-05-12T15:15:00+00:00,XAUUSD,4656.0600000000,4656.1160000000
2026-05-12T15:30:00+00:00,XAUUSD,4665.6500000000,4665.7050000000
2026-05-12T15:45:00+00:00,XAUUSD,4666.1970000000,4666.2550000000
2026-05-12T16:00:00+00:00,XAUUSD,4671.9700000000,4672.0300000000
2026-05-12T16:15:00+00:00,XAUUSD,4668.3650000000,4668.4100000000
2026-05-12T16:30:00+00:00,XAUUSD,4669.8850000000,4669.9450000000
2026-05-12T16:45:00+00:00,XAUUSD,4671.2490000000,4671.2900000000
2026-05-12T17:00:00+00:00,XAUUSD,4677.2400000000,4677.3050000000
2026-05-12T17:15:00+00:00,XAUUSD,4679.4050000000,4679.4700000000
2026-05-12T17:30:00+00:00,XAUUSD,4679.7650000000,4679.7650000000
2026-05-12T17:45:00+00:00,XAUUSD,4678.8650000000,4678.9330000000
2026-05-12T18:00:00+00:00,XAUUSD,4681.3750000000,4681.4450000000
2026-05-12T18:15:00+00:00,XAUUSD,4685.3000000000,4685.3750000000
2026-05-12T18:30:00+00:00,XAUUSD,4695.2450000000,4695.3550000000
2026-05-12T18:45:00+00:00,XAUUSD,4696.0950000000,4696.0950000000
2026-05-12T19:00:00+00:00,XAUUSD,4699.9300000000,4700.0250000000
2026-05-12T19:15:00+00:00,XAUUSD,4703.5300000000,4703.5850000000
2026-05-12T19:30:00+00:00,XAUUSD,4709.4000000000,4709.4550000000
2026-05-12T19:45:00+00:00,XAUUSD,4715.6650000000,4715.7000000000
2026-05-12T20:00:00+00:00,XAUUSD,4713.5300000000,4713.6050000000
2026-05-12T20:15:00+00:00,XAUUSD,4713.2800000000,4713.3550000000
2026-05-12T20:30:00+00:00,XAUUSD,4714.7300000000,4714.9300000000
2026-05-12T20:45:00+00:00,XAUUSD,4715.0300000000,4715.2300000000
2026-05-12T21:00:00+00:00,XAUUSD,4714.6250000000,4715.4150000000
2026-05-12T22:00:00+00:00,XAUUSD,4714.6900000000,4714.7100000000
2026-05-12T22:15:00+00:00,XAUUSD,4717.1450000000,4717.2600000000
2026-05-12T22:30:00+00:00,XAUUSD,4716.4840000000,4716.4840000000
2026-05-12T22:45:00+00:00,XAUUSD,4717.0500000000,4717.1600000000
2026-05-12T23:00:00+00:00,XAUUSD,4717.7870000000,4717.7870000000
2026-05-12T23:15:00+00:00,XAUUSD,4720.3860000000,4720.3860000000
2026-05-12T23:30:00+00:00,XAUUSD,4721.2100000000,4721.3660000000
2026-05-12T23:45:00+00:00,XAUUSD,4717.0280000000,4717.0750000000
