timestamp,symbol,close
2026-05-11T00:00:00+00:00,AUDUSD,0.7233600000
2026-05-11T00:15:00+00:00,AUDUSD,0.7237600000
2026-05-11T00:30:00+00:00,AUDUSD,0.7237850000
2026-05-11T00:45:00+00:00,AUDUSD,0.7238000000
2026-05-11T01:00:00+00:00,AUDUSD,0.7234300000
2026-05-11T01:15:00+00:00,AUDUSD,0.7236000000
2026-05-11T01:30:00+00:00,AUDUSD,0.7230250000
2026-05-11T01:45:00+00:00,AUDUSD,0.7233600000
2026-05-11T02:00:00+00:00,AUDUSD,0.7234550000
2026-05-11T02:15:00+00:00,AUDUSD,0.7236500000
2026-05-11T02:30:00+00:00,AUDUSD,0.7232550000
2026-05-11T02:45:00+00:00,AUDUSD,0.7229950000
2026-05-11T03:00:00+00:00,AUDUSD,0.7231450000
2026-05-11T03:15:00+00:00,AUDUSD,0.7231650000
2026-05-11T03:30:00+00:00,AUDUSD,0.7232500000
2026-05-11T03:45:00+00:00,AUDUSD,0.7229200000
2026-05-11T04:00:00+00:00,AUDUSD,0.7228100000
2026-05-11T04:15:00+00:00,AUDUSD,0.7226200000
2026-05-11T04:30:00+00:00,AUDUSD,0.7226000000
2026-05-11T04:45:00+00:00,AUDUSD,0.7227200000
2026-05-11T05:00:00+00:00,AUDUSD,0.7231000000
2026-05-11T05:15:00+00:00,AUDUSD,0.7231250000
2026-05-11T05:30:00+00:00,AUDUSD,0.7227600000
2026-05-11T05:45:00+00:00,AUDUSD,0.7229650000
2026-05-11T06:00:00+00:00,AUDUSD,0.7238250000
2026-05-11T06:15:00+00:00,AUDUSD,0.7237650000
2026-05-11T06:30:00+00:00,AUDUSD,0.7239900000
2026-05-11T06:45:00+00:00,AUDUSD,0.7241200000
2026-05-11T07:00:00+00:00,AUDUSD,0.7240200000
2026-05-11T07:15:00+00:00,AUDUSD,0.7239850000
2026-05-11T07:30:00+00:00,AUDUSD,0.7239200000
2026-05-11T07:45:00+00:00,AUDUSD,0.7240400000
2026-05-11T08:00:00+00:00,AUDUSD,0.7242250000
2026-05-11T08:15:00+00:00,AUDUSD,0.7242950000
2026-05-11T08:30:00+00:00,AUDUSD,0.7241650000
2026-05-11T08:45:00+00:00,AUDUSD,0.7238350000
2026-05-11T09:00:00+00:00,AUDUSD,0.7239050000
2026-05-11T09:15:00+00:00,AUDUSD,0.7237900000
2026-05-11T09:30:00+00:00,AUDUSD,0.7240100000
2026-05-11T09:45:00+00:00,AUDUSD,0.7236650000
2026-05-11T10:00:00+00:00,AUDUSD,0.7237650000
2026-05-11T10:15:00+00:00,AUDUSD,0.7239500000
2026-05-11T10:30:00+00:00,AUDUSD,0.7241650000
2026-05-11T10:45:00+00:00,AUDUSD,0.7242650000
2026-05-11T11:00:00+00:00,AUDUSD,0.7245550000
2026-05-11T11:15:00+00:00,AUDUSD,0.7246600000
2026-05-11T11:30:00+00:00,AUDUSD,0.7245750000
2026-05-11T11:45:00+00:00,AUDUSD,0.7243250000
2026-05-11T12:00:00+00:00,AUDUSD,0.7240950000
2026-05-11T12:15:00+00:00,AUDUSD,0.7243950000
2026-05-11T12:30:00+00:00,AUDUSD,0.7242950000
2026-05-11T12:45:00+00:00,AUDUSD,0.7243500000
2026-05-11T13:00:00+00:00,AUDUSD,0.7249400000
2026-05-11T13:15:00+00:00,AUDUSD,0.7250800000
2026-05-11T13:30:00+00:00,AUDUSD,0.7255450000
2026-05-11T13:45:00+00:00,AUDUSD,0.7254250000
2026-05-11T14:00:00+00:00,AUDUSD,0.7254350000
2026-05-11T14:15:00+00:00,AUDUSD,0.7256750000
2026-05-11T14:30:00+00:00,AUDUSD,0.7258700000
2026-05-11T14:45:00+00:00,AUDUSD,0.7255950000
2026-05-11T15:00:00+00:00,AUDUSD,0.7254600000
2026-05-11T15:15:00+00:00,AUDUSD,0.7258050000
2026-05-11T15:30:00+00:00,AUDUSD,0.7256900000
2026-05-11T15:45:00+00:00,AUDUSD,0.7257650000
2026-05-11T16:00:00+00:00,AUDUSD,0.7257500000
2026-05-11T16:15:00+00:00,AUDUSD,0.7254050000
2026-05-11T16:30:00+00:00,AUDUSD,0.7250200000
2026-05-11T16:45:00+00:00,AUDUSD,0.7250600000
2026-05-11T17:00:00+00:00,AUDUSD,0.7250350000
2026-05-11T17:15:00+00:00,AUDUSD,0.7251750000
2026-05-11T17:30:00+00:00,AUDUSD,0.7253700000
2026-05-11T17:45:00+00:00,AUDUSD,0.7252500000
2026-05-11T18:00:00+00:00,AUDUSD,0.7253550000
2026-05-11T18:15:00+00:00,AUDUSD,0.7253600000
2026-05-11T18:30:00+00:00,AUDUSD,0.7250550000
2026-05-11T18:45:00+00:00,AUDUSD,0.7248950000
2026-05-11T19:00:00+00:00,AUDUSD,0.7248550000
2026-05-11T19:15:00+00:00,AUDUSD,0.7248000000
2026-05-11T19:30:00+00:00,AUDUSD,0.7248050000
2026-05-11T19:45:00+00:00,AUDUSD,0.7249050000
2026-05-11T20:00:00+00:00,AUDUSD,0.7248250000
2026-05-11T20:15:00+00:00,AUDUSD,0.7248700000
2026-05-11T20:30:00+00:00,AUDUSD,0.7249950000
2026-05-11T20:45:00+00:00,AUDUSD,0.7249600000
2026-05-11T21:00:00+00:00,AUDUSD,0.7247950000
2026-05-11T21:15:00+00:00,AUDUSD,0.7247150000
2026-05-11T21:30:00+00:00,AUDUSD,0.7246850000
2026-05-11T21:45:00+00:00,AUDUSD,0.7250450000
2026-05-11T22:00:00+00:00,AUDUSD,0.7251550000
2026-05-11T22:15:00+00:00,AUDUSD,0.7250900000
2026-05-11T22:30:00+00:00,AUDUSD,0.7250850000
2026-05-11T22:45:00+00:00,AUDUSD,0.7249850000
2026-05-11T23:00:00+00:00,AUDUSD,0.7250950000
2026-05-11T23:15:00+00:00,AUDUSD,0.7248400000
2026-05-11T23:30:00+00:00,AUDUSD,0.7248150000
2026-05-11T23:45:00+00:00,AUDUSD,0.7245900000
2026-05-12T00:00:00+00:00,AUDUSD,0.7241550000
2026-05-12T00:15:00+00:00,AUDUSD,0.7239150000
2026-05-12T00:30:00+00:00,AUDUSD,0.7237050000
2026-05-12T00:45:00+00:00,AUDUSD,0.7234900000
2026-05-12T01:00:00+00:00,AUDUSD,0.7235450000
2026-05-12T01:15:00+00:00,AUDUSD,0.7230500000
2026-05-12T01:30:00+00:00,AUDUSD,0.7229300000
2026-05-12T01:45:00+00:00,AUDUSD,0.7231750000
2026-05-12T02:00:00+00:00,AUDUSD,0.7233650000
2026-05-12T02:15:00+00:00,AUDUSD,0.7230650000
2026-05-12T02:30:00+00:00,AUDUSD,0.7231950000
2026-05-12T02:45:00+00:00,AUDUSD,0.7235150000
2026-05-12T03:00:00+00:00,AUDUSD,0.7232750000
2026-05-12T03:15:00+00:00,AUDUSD,0.7229650000
2026-05-12T03:30:00+00:00,AUDUSD,0.7231250000
2026-05-12T03:45:00+00:00,AUDUSD,0.7229150000
2026-05-12T04:00:00+00:00,AUDUSD,0.7231150000
2026-05-12T04:15:00+00:00,AUDUSD,0.7233500000
2026-05-12T04:30:00+00:00,AUDUSD,0.7234550000
2026-05-12T04:45:00+00:00,AUDUSD,0.7232100000
2026-05-12T05:00:00+00:00,AUDUSD,0.7228150000
2026-05-12T05:15:00+00:00,AUDUSD,0.7229500000
2026-05-12T05:30:00+00:00,AUDUSD,0.7228750000
2026-05-12T05:45:00+00:00,AUDUSD,0.7230250000
2026-05-12T06:00:00+00:00,AUDUSD,0.7224750000
2026-05-12T06:15:00+00:00,AUDUSD,0.7218900000
2026-05-12T06:30:00+00:00,AUDUSD,0.7215950000
2026-05-12T06:45:00+00:00,AUDUSD,0.7212400000
2026-05-12T07:00:00+00:00,AUDUSD,0.7216900000
2026-05-12T07:15:00+00:00,AUDUSD,0.7219450000
2026-05-12T07:30:00+00:00,AUDUSD,0.7217850000
2026-05-12T07:45:00+00:00,AUDUSD,0.7217250000
2026-05-12T08:00:00+00:00,AUDUSD,0.7215400000
2026-05-12T08:15:00+00:00,AUDUSD,0.7220250000
2026-05-12T08:30:00+00:00,AUDUSD,0.7216200000
2026-05-12T08:45:00+00:00,AUDUSD,0.7217700000
2026-05-12T09:00:00+00:00,AUDUSD,0.7217900000
2026-05-12T09:15:00+00:00,AUDUSD,0.7218900000
2026-05-12T09:30:00+00:00,AUDUSD,0.7221800000
2026-05-12T09:45:00+00:00,AUDUSD,0.7223450000
2026-05-12T10:00:00+00:00,AUDUSD,0.7226700000
2026-05-12T10:15:00+00:00,AUDUSD,0.7226500000
2026-05-12T10:30:00+00:00,AUDUSD,0.7224500000
2026-05-12T10:45:00+00:00,AUDUSD,0.7224550000
2026-05-12T11:00:00+00:00,AUDUSD,0.7225600000
2026-05-12T11:15:00+00:00,AUDUSD,0.7225550000
2026-05-12T11:30:00+00:00,AUDUSD,0.7229850000
2026-05-12T11:45:00+00:00,AUDUSD,0.7228750000
2026-05-12T12:00:00+00:00,AUDUSD,0.7225550000
2026-05-12T12:15:00+00:00,AUDUSD,0.7222200000
2026-05-12T12:30:00+00:00,AUDUSD,0.7227050000
2026-05-12T12:45:00+00:00,AUDUSD,0.7230850000
2026-05-12T13:00:00+00:00,AUDUSD,0.7225650000
2026-05-12T13:15:00+00:00,AUDUSD,0.7225750000
2026-05-12T13:30:00+00:00,AUDUSD,0.7225150000
2026-05-12T13:45:00+00:00,AUDUSD,0.7217750000
2026-05-12T14:00:00+00:00,AUDUSD,0.7229850000
2026-05-12T14:15:00+00:00,AUDUSD,0.7225650000
2026-05-12T14:30:00+00:00,AUDUSD,0.7227850000
2026-05-12T14:45:00+00:00,AUDUSD,0.7230250000
2026-05-12T15:00:00+00:00,AUDUSD,0.7223250000
2026-05-12T15:15:00+00:00,AUDUSD,0.7217950000
2026-05-12T15:30:00+00:00,AUDUSD,0.7225250000
2026-05-12T15:45:00+00:00,AUDUSD,0.7222450000
2026-05-12T16:00:00+00:00,AUDUSD,0.7224500000
2026-05-12T16:15:00+00:00,AUDUSD,0.7222250000
2026-05-12T16:30:00+00:00,AUDUSD,0.7218250000
2026-05-12T16:45:00+00:00,AUDUSD,0.7215650000
2026-05-12T17:00:00+00:00,AUDUSD,0.7220150000
2026-05-12T17:15:00+00:00,AUDUSD,0.7222450000
2026-05-12T17:30:00+00:00,AUDUSD,0.7223250000
2026-05-12T17:45:00+00:00,AUDUSD,0.7225500000
2026-05-12T18:00:00+00:00,AUDUSD,0.7226450000
2026-05-12T18:15:00+00:00,AUDUSD,0.7230850000
2026-05-12T18:30:00+00:00,AUDUSD,0.7234150000
2026-05-12T18:45:00+00:00,AUDUSD,0.7234850000
2026-05-12T19:00:00+00:00,AUDUSD,0.7239200000
2026-05-12T19:15:00+00:00,AUDUSD,0.7237150000
2026-05-12T19:30:00+00:00,AUDUSD,0.7239450000
2026-05-12T19:45:00+00:00,AUDUSD,0.7238800000
2026-05-12T20:00:00+00:00,AUDUSD,0.7238100000
2026-05-12T20:15:00+00:00,AUDUSD,0.7237850000
2026-05-12T20:30:00+00:00,AUDUSD,0.7238650000
2026-05-12T20:45:00+00:00,AUDUSD,0.7240350000
2026-05-12T21:00:00+00:00,AUDUSD,0.7241350000
2026-05-12T21:15:00+00:00,AUDUSD,0.7240550000
2026-05-12T21:30:00+00:00,AUDUSD,0.7238400000
2026-05-12T21:45:00+00:00,AUDUSD,0.7239950000
2026-05-12T22:00:00+00:00,AUDUSD,0.7240550000
2026-05-12T22:15:00+00:00,AUDUSD,0.7241350000
2026-05-12T22:30:00+00:00,AUDUSD,0.7241350000
2026-05-12T22:45:00+00:00,AUDUSD,0.7240250000
2026-05-12T23:00:00+00:00,AUDUSD,0.7239450000
2026-05-12T23:15:00+00:00,AUDUSD,0.7240800000
2026-05-12T23:30:00+00:00,AUDUSD,0.7238600000
2026-05-12T23:45:00+00:00,AUDUSD,0.7237300000
2026-05-11T00:00:00+00:00,EURUSD,1.1768200000
2026-05-11T00:15:00+00:00,EURUSD,1.1770650000
2026-05-11T00:30:00+00:00,EURUSD,1.1769550000
2026-05-11T00:45:00+00:00,EURUSD,1.1769950000
2026-05-11T01:00:00+00:00,EURUSD,1.1767950000
2026-05-11T01:15:00+00:00,EURUSD,1.1769050000
2026-05-11T01:30:00+00:00,EURUSD,1.1765100000
2026-05-11T01:45:00+00:00,EURUSD,1.1762950000
2026-05-11T02:00:00+00:00,EURUSD,1.1764000000
2026-05-11T02:15:00+00:00,EURUSD,1.1765300000
2026-05-11T02:30:00+00:00,EURUSD,1.1761900000
2026-05-11T02:45:00+00:00,EURUSD,1.1759250000
2026-05-11T03:00:00+00:00,EURUSD,1.1759000000
2026-05-11T03:15:00+00:00,EURUSD,1.1757300000
2026-05-11T03:30:00+00:00,EURUSD,1.1758850000
2026-05-11T03:45:00+00:00,EURUSD,1.1756650000
2026-05-11T04:00:00+00:00,EURUSD,1.1755550000
2026-05-11T04:15:00+00:00,EURUSD,1.1754450000
2026-05-11T04:30:00+00:00,EURUSD,1.1752450000
2026-05-11T04:45:00+00:00,EURUSD,1.1750600000
2026-05-11T05:00:00+00:00,EURUSD,1.1754050000
2026-05-11T05:15:00+00:00,EURUSD,1.1752500000
2026-05-11T05:30:00+00:00,EURUSD,1.1751050000
2026-05-11T05:45:00+00:00,EURUSD,1.1750050000
2026-05-11T06:00:00+00:00,EURUSD,1.1757450000
2026-05-11T06:15:00+00:00,EURUSD,1.1759100000
2026-05-11T06:30:00+00:00,EURUSD,1.1761950000
2026-05-11T06:45:00+00:00,EURUSD,1.1767600000
2026-05-11T07:00:00+00:00,EURUSD,1.1767400000
2026-05-11T07:15:00+00:00,EURUSD,1.1771350000
2026-05-11T07:30:00+00:00,EURUSD,1.1771150000
2026-05-11T07:45:00+00:00,EURUSD,1.1772050000
2026-05-11T08:00:00+00:00,EURUSD,1.1775900000
2026-05-11T08:15:00+00:00,EURUSD,1.1779850000
2026-05-11T08:30:00+00:00,EURUSD,1.1775450000
2026-05-11T08:45:00+00:00,EURUSD,1.1771500000
2026-05-11T09:00:00+00:00,EURUSD,1.1773300000
2026-05-11T09:15:00+00:00,EURUSD,1.1771050000
2026-05-11T09:30:00+00:00,EURUSD,1.1770500000
2026-05-11T09:45:00+00:00,EURUSD,1.1767450000
2026-05-11T10:00:00+00:00,EURUSD,1.1767350000
2026-05-11T10:15:00+00:00,EURUSD,1.1767950000
2026-05-11T10:30:00+00:00,EURUSD,1.1771550000
2026-05-11T10:45:00+00:00,EURUSD,1.1769100000
2026-05-11T11:00:00+00:00,EURUSD,1.1773600000
2026-05-11T11:15:00+00:00,EURUSD,1.1774100000
2026-05-11T11:30:00+00:00,EURUSD,1.1772400000
2026-05-11T11:45:00+00:00,EURUSD,1.1768400000
2026-05-11T12:00:00+00:00,EURUSD,1.1766850000
2026-05-11T12:15:00+00:00,EURUSD,1.1771850000
2026-05-11T12:30:00+00:00,EURUSD,1.1773000000
2026-05-11T12:45:00+00:00,EURUSD,1.1774550000
2026-05-11T13:00:00+00:00,EURUSD,1.1783400000
2026-05-11T13:15:00+00:00,EURUSD,1.1783400000
2026-05-11T13:30:00+00:00,EURUSD,1.1786250000
2026-05-11T13:45:00+00:00,EURUSD,1.1785450000
2026-05-11T14:00:00+00:00,EURUSD,1.1785450000
2026-05-11T14:15:00+00:00,EURUSD,1.1785650000
2026-05-11T14:30:00+00:00,EURUSD,1.1786900000
2026-05-11T14:45:00+00:00,EURUSD,1.1779500000
2026-05-11T15:00:00+00:00,EURUSD,1.1781250000
2026-05-11T15:15:00+00:00,EURUSD,1.1781400000
2026-05-11T15:30:00+00:00,EURUSD,1.1779600000
2026-05-11T15:45:00+00:00,EURUSD,1.1779900000
2026-05-11T16:00:00+00:00,EURUSD,1.1779300000
2026-05-11T16:15:00+00:00,EURUSD,1.1776000000
2026-05-11T16:30:00+00:00,EURUSD,1.1775500000
2026-05-11T16:45:00+00:00,EURUSD,1.1773300000
2026-05-11T17:00:00+00:00,EURUSD,1.1774900000
2026-05-11T17:15:00+00:00,EURUSD,1.1776050000
2026-05-11T17:30:00+00:00,EURUSD,1.1776950000
2026-05-11T17:45:00+00:00,EURUSD,1.1778000000
2026-05-11T18:00:00+00:00,EURUSD,1.1779000000
2026-05-11T18:15:00+00:00,EURUSD,1.1779350000
2026-05-11T18:30:00+00:00,EURUSD,1.1775950000
2026-05-11T18:45:00+00:00,EURUSD,1.1775000000
2026-05-11T19:00:00+00:00,EURUSD,1.1775100000
2026-05-11T19:15:00+00:00,EURUSD,1.1775650000
2026-05-11T19:30:00+00:00,EURUSD,1.1776500000
2026-05-11T19:45:00+00:00,EURUSD,1.1777450000
2026-05-11T20:00:00+00:00,EURUSD,1.1778550000
2026-05-11T20:15:00+00:00,EURUSD,1.1780600000
2026-05-11T20:30:00+00:00,EURUSD,1.1781350000
2026-05-11T20:45:00+00:00,EURUSD,1.1783450000
2026-05-11T21:00:00+00:00,EURUSD,1.1783450000
2026-05-11T21:15:00+00:00,EURUSD,1.1783700000
2026-05-11T21:30:00+00:00,EURUSD,1.1782550000
2026-05-11T21:45:00+00:00,EURUSD,1.1784750000
2026-05-11T22:00:00+00:00,EURUSD,1.1787100000
2026-05-11T22:15:00+00:00,EURUSD,1.1787050000
2026-05-11T22:30:00+00:00,EURUSD,1.1786600000
2026-05-11T22:45:00+00:00,EURUSD,1.1785250000
2026-05-11T23:00:00+00:00,EURUSD,1.1784450000
2026-05-11T23:15:00+00:00,EURUSD,1.1780850000
2026-05-11T23:30:00+00:00,EURUSD,1.1778850000
2026-05-11T23:45:00+00:00,EURUSD,1.1778600000
2026-05-12T00:00:00+00:00,EURUSD,1.1775950000
2026-05-12T00:15:00+00:00,EURUSD,1.1775050000
2026-05-12T00:30:00+00:00,EURUSD,1.1771950000
2026-05-12T00:45:00+00:00,EURUSD,1.1767050000
2026-05-12T01:00:00+00:00,EURUSD,1.1764850000
2026-05-12T01:15:00+00:00,EURUSD,1.1762000000
2026-05-12T01:30:00+00:00,EURUSD,1.1761150000
2026-05-12T01:45:00+00:00,EURUSD,1.1761500000
2026-05-12T02:00:00+00:00,EURUSD,1.1761800000
2026-05-12T02:15:00+00:00,EURUSD,1.1761100000
2026-05-12T02:30:00+00:00,EURUSD,1.1760450000
2026-05-12T02:45:00+00:00,EURUSD,1.1762550000
2026-05-12T03:00:00+00:00,EURUSD,1.1758950000
2026-05-12T03:15:00+00:00,EURUSD,1.1757000000
2026-05-12T03:30:00+00:00,EURUSD,1.1757950000
2026-05-12T03:45:00+00:00,EURUSD,1.1756450000
2026-05-12T04:00:00+00:00,EURUSD,1.1755600000
2026-05-12T04:15:00+00:00,EURUSD,1.1756050000
2026-05-12T04:30:00+00:00,EURUSD,1.1759500000
2026-05-12T04:45:00+00:00,EURUSD,1.1757150000
2026-05-12T05:00:00+00:00,EURUSD,1.1753900000
2026-05-12T05:15:00+00:00,EURUSD,1.1755000000
2026-05-12T05:30:00+00:00,EURUSD,1.1755950000
2026-05-12T05:45:00+00:00,EURUSD,1.1762450000
2026-05-12T06:00:00+00:00,EURUSD,1.1757550000
2026-05-12T06:15:00+00:00,EURUSD,1.1755050000
2026-05-12T06:30:00+00:00,EURUSD,1.1755000000
2026-05-12T06:45:00+00:00,EURUSD,1.1750350000
2026-05-12T07:00:00+00:00,EURUSD,1.1747050000
2026-05-12T07:15:00+00:00,EURUSD,1.1749750000
2026-05-12T07:30:00+00:00,EURUSD,1.1746450000
2026-05-12T07:45:00+00:00,EURUSD,1.1747850000
2026-05-12T08:00:00+00:00,EURUSD,1.1743950000
2026-05-12T08:15:00+00:00,EURUSD,1.1747050000
2026-05-12T08:30:00+00:00,EURUSD,1.1742150000
2026-05-12T08:45:00+00:00,EURUSD,1.1744850000
2026-05-12T09:00:00+00:00,EURUSD,1.1746250000
2026-05-12T09:15:00+00:00,EURUSD,1.1746000000
2026-05-12T09:30:00+00:00,EURUSD,1.1745500000
2026-05-12T09:45:00+00:00,EURUSD,1.1747600000
2026-05-12T10:00:00+00:00,EURUSD,1.1748600000
2026-05-12T10:15:00+00:00,EURUSD,1.1748150000
2026-05-12T10:30:00+00:00,EURUSD,1.1745900000
2026-05-12T10:45:00+00:00,EURUSD,1.1740750000
2026-05-12T11:00:00+00:00,EURUSD,1.1741700000
2026-05-12T11:15:00+00:00,EURUSD,1.1741600000
2026-05-12T11:30:00+00:00,EURUSD,1.1746400000
2026-05-12T11:45:00+00:00,EURUSD,1.1743800000
2026-05-12T12:00:00+00:00,EURUSD,1.1741850000
2026-05-12T12:15:00+00:00,EURUSD,1.1740550000
2026-05-12T12:30:00+00:00,EURUSD,1.1747250000
2026-05-12T12:45:00+00:00,EURUSD,1.1747750000
2026-05-12T13:00:00+00:00,EURUSD,1.1740600000
2026-05-12T13:15:00+00:00,EURUSD,1.1739650000
2026-05-12T13:30:00+00:00,EURUSD,1.1737150000
2026-05-12T13:45:00+00:00,EURUSD,1.1730000000
2026-05-12T14:00:00+00:00,EURUSD,1.1735150000
2026-05-12T14:15:00+00:00,EURUSD,1.1733250000
2026-05-12T14:30:00+00:00,EURUSD,1.1732900000
2026-05-12T14:45:00+00:00,EURUSD,1.1736050000
2026-05-12T15:00:00+00:00,EURUSD,1.1728000000
2026-05-12T15:15:00+00:00,EURUSD,1.1724150000
2026-05-12T15:30:00+00:00,EURUSD,1.1731600000
2026-05-12T15:45:00+00:00,EURUSD,1.1732600000
2026-05-12T16:00:00+00:00,EURUSD,1.1737100000
2026-05-12T16:15:00+00:00,EURUSD,1.1736100000
2026-05-12T16:30:00+00:00,EURUSD,1.1732000000
2026-05-12T16:45:00+00:00,EURUSD,1.1728400000
2026-05-12T17:00:00+00:00,EURUSD,1.1730800000
2026-05-12T17:15:00+00:00,EURUSD,1.1730550000
2026-05-12T17:30:00+00:00,EURUSD,1.1731850000
2026-05-12T17:45:00+00:00,EURUSD,1.1733300000
2026-05-12T18:00:00+00:00,EURUSD,1.1732100000
2026-05-12T18:15:00+00:00,EURUSD,1.1735950000
2026-05-12T18:30:00+00:00,EURUSD,1.1738700000
2026-05-12T18:45:00+00:00,EURUSD,1.1740550000
2026-05-12T19:00:00+00:00,EURUSD,1.1743900000
2026-05-12T19:15:00+00:00,EURUSD,1.1742350000
2026-05-12T19:30:00+00:00,EURUSD,1.1743050000
2026-05-12T19:45:00+00:00,EURUSD,1.1740200000
2026-05-12T20:00:00+00:00,EURUSD,1.1739050000
2026-05-12T20:15:00+00:00,EURUSD,1.1738900000
2026-05-12T20:30:00+00:00,EURUSD,1.1738200000
2026-05-12T20:45:00+00:00,EURUSD,1.1738350000
2026-05-12T21:00:00+00:00,EURUSD,1.1736450000
2026-05-12T21:15:00+00:00,EURUSD,1.1736800000
2026-05-12T21:30:00+00:00,EURUSD,1.1738000000
2026-05-12T21:45:00+00:00,EURUSD,1.1738850000
2026-05-12T22:00:00+00:00,EURUSD,1.1737750000
2026-05-12T22:15:00+00:00,EURUSD,1.1739050000
2026-05-12T22:30:00+00:00,EURUSD,1.1739100000
2026-05-12T22:45:00+00:00,EURUSD,1.1739450000
2026-05-12T23:00:00+00:00,EURUSD,1.1738850000
2026-05-12T23:15:00+00:00,EURUSD,1.1738650000
2026-05-12T23:30:00+00:00,EURUSD,1.1737050000
2026-05-12T23:45:00+00:00,EURUSD,1.1735150000
2026-05-11T00:00:00+00:00,GBPUSD,1.3595700000
2026-05-11T00:15:00+00:00,GBPUSD,1.3599000000
2026-05-11T00:30:00+00:00,GBPUSD,1.3598600000
2026-05-11T00:45:00+00:00,GBPUSD,1.3599250000
2026-05-11T01:00:00+00:00,GBPUSD,1.3597000000
2026-05-11T01:15:00+00:00,GBPUSD,1.3598850000
2026-05-11T01:30:00+00:00,GBPUSD,1.3592750000
2026-05-11T01:45:00+00:00,GBPUSD,1.3593150000
2026-05-11T02:00:00+00:00,GBPUSD,1.3595550000
2026-05-11T02:15:00+00:00,GBPUSD,1.3597200000
2026-05-11T02:30:00+00:00,GBPUSD,1.3593350000
2026-05-11T02:45:00+00:00,GBPUSD,1.3590650000
2026-05-11T03:00:00+00:00,GBPUSD,1.3592150000
2026-05-11T03:15:00+00:00,GBPUSD,1.3591400000
2026-05-11T03:30:00+00:00,GBPUSD,1.3593250000
2026-05-11T03:45:00+00:00,GBPUSD,1.3589350000
2026-05-11T04:00:00+00:00,GBPUSD,1.3589850000
2026-05-11T04:15:00+00:00,GBPUSD,1.3588700000
2026-05-11T04:30:00+00:00,GBPUSD,1.3585100000
2026-05-11T04:45:00+00:00,GBPUSD,1.3581150000
2026-05-11T05:00:00+00:00,GBPUSD,1.3586450000
2026-05-11T05:15:00+00:00,GBPUSD,1.3586100000
2026-05-11T05:30:00+00:00,GBPUSD,1.3582900000
2026-05-11T05:45:00+00:00,GBPUSD,1.3584050000
2026-05-11T06:00:00+00:00,GBPUSD,1.3592000000
2026-05-11T06:15:00+00:00,GBPUSD,1.3586150000
2026-05-11T06:30:00+00:00,GBPUSD,1.3592800000
2026-05-11T06:45:00+00:00,GBPUSD,1.3598850000
2026-05-11T07:00:00+00:00,GBPUSD,1.3599800000
2026-05-11T07:15:00+00:00,GBPUSD,1.3600550000
2026-05-11T07:30:00+00:00,GBPUSD,1.3601000000
2026-05-11T07:45:00+00:00,GBPUSD,1.3599750000
2026-05-11T08:00:00+00:00,GBPUSD,1.3602000000
2026-05-11T08:15:00+00:00,GBPUSD,1.3611850000
2026-05-11T08:30:00+00:00,GBPUSD,1.3609150000
2026-05-11T08:45:00+00:00,GBPUSD,1.3607750000
2026-05-11T09:00:00+00:00,GBPUSD,1.3609100000
2026-05-11T09:15:00+00:00,GBPUSD,1.3606350000
2026-05-11T09:30:00+00:00,GBPUSD,1.3604150000
2026-05-11T09:45:00+00:00,GBPUSD,1.3599250000
2026-05-11T10:00:00+00:00,GBPUSD,1.3594250000
2026-05-11T10:15:00+00:00,GBPUSD,1.3599750000
2026-05-11T10:30:00+00:00,GBPUSD,1.3593100000
2026-05-11T10:45:00+00:00,GBPUSD,1.3588500000
2026-05-11T11:00:00+00:00,GBPUSD,1.3610000000
2026-05-11T11:15:00+00:00,GBPUSD,1.3612250000
2026-05-11T11:30:00+00:00,GBPUSD,1.3610150000
2026-05-11T11:45:00+00:00,GBPUSD,1.3607100000
2026-05-11T12:00:00+00:00,GBPUSD,1.3602650000
2026-05-11T12:15:00+00:00,GBPUSD,1.3611850000
2026-05-11T12:30:00+00:00,GBPUSD,1.3611250000
2026-05-11T12:45:00+00:00,GBPUSD,1.3611100000
2026-05-11T13:00:00+00:00,GBPUSD,1.3620850000
2026-05-11T13:15:00+00:00,GBPUSD,1.3621050000
2026-05-11T13:30:00+00:00,GBPUSD,1.3628600000
2026-05-11T13:45:00+00:00,GBPUSD,1.3623850000
2026-05-11T14:00:00+00:00,GBPUSD,1.3624600000
2026-05-11T14:15:00+00:00,GBPUSD,1.3624950000
2026-05-11T14:30:00+00:00,GBPUSD,1.3627750000
2026-05-11T14:45:00+00:00,GBPUSD,1.3639350000
2026-05-11T15:00:00+00:00,GBPUSD,1.3638950000
2026-05-11T15:15:00+00:00,GBPUSD,1.3646950000
2026-05-11T15:30:00+00:00,GBPUSD,1.3645800000
2026-05-11T15:45:00+00:00,GBPUSD,1.3649800000
2026-05-11T16:00:00+00:00,GBPUSD,1.3646900000
2026-05-11T16:15:00+00:00,GBPUSD,1.3641950000
2026-05-11T16:30:00+00:00,GBPUSD,1.3642250000
2026-05-11T16:45:00+00:00,GBPUSD,1.3641150000
2026-05-11T17:00:00+00:00,GBPUSD,1.3641500000
2026-05-11T17:15:00+00:00,GBPUSD,1.3642800000
2026-05-11T17:30:00+00:00,GBPUSD,1.3641150000
2026-05-11T17:45:00+00:00,GBPUSD,1.3642850000
2026-05-11T18:00:00+00:00,GBPUSD,1.3640900000
2026-05-11T18:15:00+00:00,GBPUSD,1.3636850000
2026-05-11T18:30:00+00:00,GBPUSD,1.3629800000
2026-05-11T18:45:00+00:00,GBPUSD,1.3628900000
2026-05-11T19:00:00+00:00,GBPUSD,1.3627550000
2026-05-11T19:15:00+00:00,GBPUSD,1.3622050000
2026-05-11T19:30:00+00:00,GBPUSD,1.3621050000
2026-05-11T19:45:00+00:00,GBPUSD,1.3618050000
2026-05-11T20:00:00+00:00,GBPUSD,1.3612950000
2026-05-11T20:15:00+00:00,GBPUSD,1.3614150000
2026-05-11T20:30:00+00:00,GBPUSD,1.3609800000
2026-05-11T20:45:00+00:00,GBPUSD,1.3610850000
2026-05-11T21:00:00+00:00,GBPUSD,1.3611500000
2026-05-11T21:15:00+00:00,GBPUSD,1.3613150000
2026-05-11T21:30:00+00:00,GBPUSD,1.3607650000
2026-05-11T21:45:00+00:00,GBPUSD,1.3606500000
2026-05-11T22:00:00+00:00,GBPUSD,1.3608500000
2026-05-11T22:15:00+00:00,GBPUSD,1.3608750000
2026-05-11T22:30:00+00:00,GBPUSD,1.3609150000
2026-05-11T22:45:00+00:00,GBPUSD,1.3607600000
2026-05-11T23:00:00+00:00,GBPUSD,1.3608550000
2026-05-11T23:15:00+00:00,GBPUSD,1.3606850000
2026-05-11T23:30:00+00:00,GBPUSD,1.3605350000
2026-05-11T23:45:00+00:00,GBPUSD,1.3604250000
2026-05-12T00:00:00+00:00,GBPUSD,1.3603100000
2026-05-12T00:15:00+00:00,GBPUSD,1.3602050000
2026-05-12T00:30:00+00:00,GBPUSD,1.3598150000
2026-05-12T00:45:00+00:00,GBPUSD,1.3593800000
2026-05-12T01:00:00+00:00,GBPUSD,1.3591200000
2026-05-12T01:15:00+00:00,GBPUSD,1.3585250000
2026-05-12T01:30:00+00:00,GBPUSD,1.3585650000
2026-05-12T01:45:00+00:00,GBPUSD,1.3587250000
2026-05-12T02:00:00+00:00,GBPUSD,1.3589600000
2026-05-12T02:15:00+00:00,GBPUSD,1.3587950000
2026-05-12T02:30:00+00:00,GBPUSD,1.3587450000
2026-05-12T02:45:00+00:00,GBPUSD,1.3590950000
2026-05-12T03:00:00+00:00,GBPUSD,1.3588700000
2026-05-12T03:15:00+00:00,GBPUSD,1.3585000000
2026-05-12T03:30:00+00:00,GBPUSD,1.3586100000
2026-05-12T03:45:00+00:00,GBPUSD,1.3583100000
2026-05-12T04:00:00+00:00,GBPUSD,1.3580100000
2026-05-12T04:15:00+00:00,GBPUSD,1.3581150000
2026-05-12T04:30:00+00:00,GBPUSD,1.3586250000
2026-05-12T04:45:00+00:00,GBPUSD,1.3584650000
2026-05-12T05:00:00+00:00,GBPUSD,1.3574100000
2026-05-12T05:15:00+00:00,GBPUSD,1.3574350000
2026-05-12T05:30:00+00:00,GBPUSD,1.3571650000
2026-05-12T05:45:00+00:00,GBPUSD,1.3573750000
2026-05-12T06:00:00+00:00,GBPUSD,1.3570850000
2026-05-12T06:15:00+00:00,GBPUSD,1.3559650000
2026-05-12T06:30:00+00:00,GBPUSD,1.3554350000
2026-05-12T06:45:00+00:00,GBPUSD,1.3545350000
2026-05-12T07:00:00+00:00,GBPUSD,1.3536250000
2026-05-12T07:15:00+00:00,GBPUSD,1.3535950000
2026-05-12T07:30:00+00:00,GBPUSD,1.3520250000
2026-05-12T07:45:00+00:00,GBPUSD,1.3518250000
2026-05-12T08:00:00+00:00,GBPUSD,1.3503450000
2026-05-12T08:15:00+00:00,GBPUSD,1.3514950000
2026-05-12T08:30:00+00:00,GBPUSD,1.3510250000
2026-05-12T08:45:00+00:00,GBPUSD,1.3530250000
2026-05-12T09:00:00+00:00,GBPUSD,1.3529350000
2026-05-12T09:15:00+00:00,GBPUSD,1.3535900000
2026-05-12T09:30:00+00:00,GBPUSD,1.3538400000
2026-05-12T09:45:00+00:00,GBPUSD,1.3539250000
2026-05-12T10:00:00+00:00,GBPUSD,1.3541800000
2026-05-12T10:15:00+00:00,GBPUSD,1.3547050000
2026-05-12T10:30:00+00:00,GBPUSD,1.3544250000
2026-05-12T10:45:00+00:00,GBPUSD,1.3533150000
2026-05-12T11:00:00+00:00,GBPUSD,1.3532150000
2026-05-12T11:15:00+00:00,GBPUSD,1.3536450000
2026-05-12T11:30:00+00:00,GBPUSD,1.3541500000
2026-05-12T11:45:00+00:00,GBPUSD,1.3532400000
2026-05-12T12:00:00+00:00,GBPUSD,1.3525450000
2026-05-12T12:15:00+00:00,GBPUSD,1.3526950000
2026-05-12T12:30:00+00:00,GBPUSD,1.3533450000
2026-05-12T12:45:00+00:00,GBPUSD,1.3537350000
2026-05-12T13:00:00+00:00,GBPUSD,1.3529000000
2026-05-12T13:15:00+00:00,GBPUSD,1.3523050000
2026-05-12T13:30:00+00:00,GBPUSD,1.3519850000
2026-05-12T13:45:00+00:00,GBPUSD,1.3510650000
2026-05-12T14:00:00+00:00,GBPUSD,1.3532050000
2026-05-12T14:15:00+00:00,GBPUSD,1.3528250000
2026-05-12T14:30:00+00:00,GBPUSD,1.3524900000
2026-05-12T14:45:00+00:00,GBPUSD,1.3524250000
2026-05-12T15:00:00+00:00,GBPUSD,1.3515050000
2026-05-12T15:15:00+00:00,GBPUSD,1.3505650000
2026-05-12T15:30:00+00:00,GBPUSD,1.3524450000
2026-05-12T15:45:00+00:00,GBPUSD,1.3526500000
2026-05-12T16:00:00+00:00,GBPUSD,1.3529350000
2026-05-12T16:15:00+00:00,GBPUSD,1.3523050000
2026-05-12T16:30:00+00:00,GBPUSD,1.3521350000
2026-05-12T16:45:00+00:00,GBPUSD,1.3518050000
2026-05-12T17:00:00+00:00,GBPUSD,1.3523050000
2026-05-12T17:15:00+00:00,GBPUSD,1.3523050000
2026-05-12T17:30:00+00:00,GBPUSD,1.3521550000
2026-05-12T17:45:00+00:00,GBPUSD,1.3523150000
2026-05-12T18:00:00+00:00,GBPUSD,1.3522250000
2026-05-12T18:15:00+00:00,GBPUSD,1.3527200000
2026-05-12T18:30:00+00:00,GBPUSD,1.3528850000
2026-05-12T18:45:00+00:00,GBPUSD,1.3531850000
2026-05-12T19:00:00+00:00,GBPUSD,1.3540150000
2026-05-12T19:15:00+00:00,GBPUSD,1.3538150000
2026-05-12T19:30:00+00:00,GBPUSD,1.3542250000
2026-05-12T19:45:00+00:00,GBPUSD,1.3539850000
2026-05-12T20:00:00+00:00,GBPUSD,1.3539350000
2026-05-12T20:15:00+00:00,GBPUSD,1.3537350000
2026-05-12T20:30:00+00:00,GBPUSD,1.3536500000
2026-05-12T20:45:00+00:00,GBPUSD,1.3539650000
2026-05-12T21:00:00+00:00,GBPUSD,1.3537300000
2026-05-12T21:15:00+00:00,GBPUSD,1.3539550000
2026-05-12T21:30:00+00:00,GBPUSD,1.3540250000
2026-05-12T21:45:00+00:00,GBPUSD,1.3538850000
2026-05-12T22:00:00+00:00,GBPUSD,1.3537850000
2026-05-12T22:15:00+00:00,GBPUSD,1.3539800000
2026-05-12T22:30:00+00:00,GBPUSD,1.3539950000
2026-05-12T22:45:00+00:00,GBPUSD,1.3540050000
2026-05-12T23:00:00+00:00,GBPUSD,1.3540050000
2026-05-12T23:15:00+00:00,GBPUSD,1.3540150000
2026-05-12T23:30:00+00:00,GBPUSD,1.3537050000
2026-05-12T23:45:00+00:00,GBPUSD,1.3535200000
2026-05-11T00:00:00+00:00,USDCAD,1.3685200000
2026-05-11T00:15:00+00:00,USDCAD,1.3683250000
2026-05-11T00:30:00+00:00,USDCAD,1.3682900000
2026-05-11T00:45:00+00:00,USDCAD,1.3683500000
2026-05-11T01:00:00+00:00,USDCAD,1.3686150000
2026-05-11T01:15:00+00:00,USDCAD,1.3684150000
2026-05-11T01:30:00+00:00,USDCAD,1.3687050000
2026-05-11T01:45:00+00:00,USDCAD,1.3686350000
2026-05-11T02:00:00+00:00,USDCAD,1.3686300000
2026-05-11T02:15:00+00:00,USDCAD,1.3683650000
2026-05-11T02:30:00+00:00,USDCAD,1.3686450000
2026-05-11T02:45:00+00:00,USDCAD,1.3687450000
2026-05-11T03:00:00+00:00,USDCAD,1.3685750000
2026-05-11T03:15:00+00:00,USDCAD,1.3686150000
2026-05-11T03:30:00+00:00,USDCAD,1.3685650000
2026-05-11T03:45:00+00:00,USDCAD,1.3688850000
2026-05-11T04:00:00+00:00,USDCAD,1.3689550000
2026-05-11T04:15:00+00:00,USDCAD,1.3692150000
2026-05-11T04:30:00+00:00,USDCAD,1.3694250000
2026-05-11T04:45:00+00:00,USDCAD,1.3694150000
2026-05-11T05:00:00+00:00,USDCAD,1.3690850000
2026-05-11T05:15:00+00:00,USDCAD,1.3691350000
2026-05-11T05:30:00+00:00,USDCAD,1.3692750000
2026-05-11T05:45:00+00:00,USDCAD,1.3692450000
2026-05-11T06:00:00+00:00,USDCAD,1.3679550000
2026-05-11T06:15:00+00:00,USDCAD,1.3676750000
2026-05-11T06:30:00+00:00,USDCAD,1.3677350000
2026-05-11T06:45:00+00:00,USDCAD,1.3679700000
2026-05-11T07:00:00+00:00,USDCAD,1.3670150000
2026-05-11T07:15:00+00:00,USDCAD,1.3670250000
2026-05-11T07:30:00+00:00,USDCAD,1.3669950000
2026-05-11T07:45:00+00:00,USDCAD,1.3671850000
2026-05-11T08:00:00+00:00,USDCAD,1.3672000000
2026-05-11T08:15:00+00:00,USDCAD,1.3670450000
2026-05-11T08:30:00+00:00,USDCAD,1.3668600000
2026-05-11T08:45:00+00:00,USDCAD,1.3669300000
2026-05-11T09:00:00+00:00,USDCAD,1.3671550000
2026-05-11T09:15:00+00:00,USDCAD,1.3671300000
2026-05-11T09:30:00+00:00,USDCAD,1.3669350000
2026-05-11T09:45:00+00:00,USDCAD,1.3669300000
2026-05-11T10:00:00+00:00,USDCAD,1.3667250000
2026-05-11T10:15:00+00:00,USDCAD,1.3665450000
2026-05-11T10:30:00+00:00,USDCAD,1.3663300000
2026-05-11T10:45:00+00:00,USDCAD,1.3661700000
2026-05-11T11:00:00+00:00,USDCAD,1.3663600000
2026-05-11T11:15:00+00:00,USDCAD,1.3662300000
2026-05-11T11:30:00+00:00,USDCAD,1.3665400000
2026-05-11T11:45:00+00:00,USDCAD,1.3667250000
2026-05-11T12:00:00+00:00,USDCAD,1.3666900000
2026-05-11T12:15:00+00:00,USDCAD,1.3669600000
2026-05-11T12:30:00+00:00,USDCAD,1.3672200000
2026-05-11T12:45:00+00:00,USDCAD,1.3667250000
2026-05-11T13:00:00+00:00,USDCAD,1.3669200000
2026-05-11T13:15:00+00:00,USDCAD,1.3666600000
2026-05-11T13:30:00+00:00,USDCAD,1.3661900000
2026-05-11T13:45:00+00:00,USDCAD,1.3659250000
2026-05-11T14:00:00+00:00,USDCAD,1.3660100000
2026-05-11T14:15:00+00:00,USDCAD,1.3650700000
2026-05-11T14:30:00+00:00,USDCAD,1.3649850000
2026-05-11T14:45:00+00:00,USDCAD,1.3664950000
2026-05-11T15:00:00+00:00,USDCAD,1.3666350000
2026-05-11T15:15:00+00:00,USDCAD,1.3667100000
2026-05-11T15:30:00+00:00,USDCAD,1.3666350000
2026-05-11T15:45:00+00:00,USDCAD,1.3665450000
2026-05-11T16:00:00+00:00,USDCAD,1.3667600000
2026-05-11T16:15:00+00:00,USDCAD,1.3668500000
2026-05-11T16:30:00+00:00,USDCAD,1.3663700000
2026-05-11T16:45:00+00:00,USDCAD,1.3664100000
2026-05-11T17:00:00+00:00,USDCAD,1.3664550000
2026-05-11T17:15:00+00:00,USDCAD,1.3664650000
2026-05-11T17:30:00+00:00,USDCAD,1.3664800000
2026-05-11T17:45:00+00:00,USDCAD,1.3665600000
2026-05-11T18:00:00+00:00,USDCAD,1.3667300000
2026-05-11T18:15:00+00:00,USDCAD,1.3670900000
2026-05-11T18:30:00+00:00,USDCAD,1.3673950000
2026-05-11T18:45:00+00:00,USDCAD,1.3672650000
2026-05-11T19:00:00+00:00,USDCAD,1.3672850000
2026-05-11T19:15:00+00:00,USDCAD,1.3674150000
2026-05-11T19:30:00+00:00,USDCAD,1.3677400000
2026-05-11T19:45:00+00:00,USDCAD,1.3677800000
2026-05-11T20:00:00+00:00,USDCAD,1.3679250000
2026-05-11T20:15:00+00:00,USDCAD,1.3681450000
2026-05-11T20:30:00+00:00,USDCAD,1.3678850000
2026-05-11T20:45:00+00:00,USDCAD,1.3677900000
2026-05-11T21:00:00+00:00,USDCAD,1.3678400000
2026-05-11T21:15:00+00:00,USDCAD,1.3676900000
2026-05-11T21:30:00+00:00,USDCAD,1.3675900000
2026-05-11T21:45:00+00:00,USDCAD,1.3675850000
2026-05-11T22:00:00+00:00,USDCAD,1.3673400000
2026-05-11T22:15:00+00:00,USDCAD,1.3673000000
2026-05-11T22:30:00+00:00,USDCAD,1.3674450000
2026-05-11T22:45:00+00:00,USDCAD,1.3676850000
2026-05-11T23:00:00+00:00,USDCAD,1.3676800000
2026-05-11T23:15:00+00:00,USDCAD,1.3678400000
2026-05-11T23:30:00+00:00,USDCAD,1.3678800000
2026-05-11T23:45:00+00:00,USDCAD,1.3679300000
2026-05-12T00:00:00+00:00,USDCAD,1.3681650000
2026-05-12T00:15:00+00:00,USDCAD,1.3682550000
2026-05-12T00:30:00+00:00,USDCAD,1.3685550000
2026-05-12T00:45:00+00:00,USDCAD,1.3688350000
2026-05-12T01:00:00+00:00,USDCAD,1.3689500000
2026-05-12T01:15:00+00:00,USDCAD,1.3691900000
2026-05-12T01:30:00+00:00,USDCAD,1.3690050000
2026-05-12T01:45:00+00:00,USDCAD,1.3689350000
2026-05-12T02:00:00+00:00,USDCAD,1.3691300000
2026-05-12T02:15:00+00:00,USDCAD,1.3691750000
2026-05-12T02:30:00+00:00,USDCAD,1.3690900000
2026-05-12T02:45:00+00:00,USDCAD,1.3689250000
2026-05-12T03:00:00+00:00,USDCAD,1.3691550000
2026-05-12T03:15:00+00:00,USDCAD,1.3692850000
2026-05-12T03:30:00+00:00,USDCAD,1.3692350000
2026-05-12T03:45:00+00:00,USDCAD,1.3693800000
2026-05-12T04:00:00+00:00,USDCAD,1.3693550000
2026-05-12T04:15:00+00:00,USDCAD,1.3692850000
2026-05-12T04:30:00+00:00,USDCAD,1.3691650000
2026-05-12T04:45:00+00:00,USDCAD,1.3692700000
2026-05-12T05:00:00+00:00,USDCAD,1.3693050000
2026-05-12T05:15:00+00:00,USDCAD,1.3692000000
2026-05-12T05:30:00+00:00,USDCAD,1.3692750000
2026-05-12T05:45:00+00:00,USDCAD,1.3687650000
2026-05-12T06:00:00+00:00,USDCAD,1.3689750000
2026-05-12T06:15:00+00:00,USDCAD,1.3692750000
2026-05-12T06:30:00+00:00,USDCAD,1.3694250000
2026-05-12T06:45:00+00:00,USDCAD,1.3693100000
2026-05-12T07:00:00+00:00,USDCAD,1.3695300000
2026-05-12T07:15:00+00:00,USDCAD,1.3695650000
2026-05-12T07:30:00+00:00,USDCAD,1.3699450000
2026-05-12T07:45:00+00:00,USDCAD,1.3703850000
2026-05-12T08:00:00+00:00,USDCAD,1.3708800000
2026-05-12T08:15:00+00:00,USDCAD,1.3704000000
2026-05-12T08:30:00+00:00,USDCAD,1.3709550000
2026-05-12T08:45:00+00:00,USDCAD,1.3704800000
2026-05-12T09:00:00+00:00,USDCAD,1.3706700000
2026-05-12T09:15:00+00:00,USDCAD,1.3706650000
2026-05-12T09:30:00+00:00,USDCAD,1.3708750000
2026-05-12T09:45:00+00:00,USDCAD,1.3709900000
2026-05-12T10:00:00+00:00,USDCAD,1.3709750000
2026-05-12T10:15:00+00:00,USDCAD,1.3706150000
2026-05-12T10:30:00+00:00,USDCAD,1.3708950000
2026-05-12T10:45:00+00:00,USDCAD,1.3709450000
2026-05-12T11:00:00+00:00,USDCAD,1.3709900000
2026-05-12T11:15:00+00:00,USDCAD,1.3709700000
2026-05-12T11:30:00+00:00,USDCAD,1.3703200000
2026-05-12T11:45:00+00:00,USDCAD,1.3703650000
2026-05-12T12:00:00+00:00,USDCAD,1.3702750000
2026-05-12T12:15:00+00:00,USDCAD,1.3704300000
2026-05-12T12:30:00+00:00,USDCAD,1.3707600000
2026-05-12T12:45:00+00:00,USDCAD,1.3701450000
2026-05-12T13:00:00+00:00,USDCAD,1.3712500000
2026-05-12T13:15:00+00:00,USDCAD,1.3714200000
2026-05-12T13:30:00+00:00,USDCAD,1.3717400000
2026-05-12T13:45:00+00:00,USDCAD,1.3716100000
2026-05-12T14:00:00+00:00,USDCAD,1.3709950000
2026-05-12T14:15:00+00:00,USDCAD,1.3709650000
2026-05-12T14:30:00+00:00,USDCAD,1.3709700000
2026-05-12T14:45:00+00:00,USDCAD,1.3708750000
2026-05-12T15:00:00+00:00,USDCAD,1.3717950000
2026-05-12T15:15:00+00:00,USDCAD,1.3722150000
2026-05-12T15:30:00+00:00,USDCAD,1.3715450000
2026-05-12T15:45:00+00:00,USDCAD,1.3713550000
2026-05-12T16:00:00+00:00,USDCAD,1.3710300000
2026-05-12T16:15:00+00:00,USDCAD,1.3711800000
2026-05-12T16:30:00+00:00,USDCAD,1.3714500000
2026-05-12T16:45:00+00:00,USDCAD,1.3713350000
2026-05-12T17:00:00+00:00,USDCAD,1.3715050000
2026-05-12T17:15:00+00:00,USDCAD,1.3713750000
2026-05-12T17:30:00+00:00,USDCAD,1.3712950000
2026-05-12T17:45:00+00:00,USDCAD,1.3711850000
2026-05-12T18:00:00+00:00,USDCAD,1.3710850000
2026-05-12T18:15:00+00:00,USDCAD,1.3707300000
2026-05-12T18:30:00+00:00,USDCAD,1.3704350000
2026-05-12T18:45:00+00:00,USDCAD,1.3700550000
2026-05-12T19:00:00+00:00,USDCAD,1.3695650000
2026-05-12T19:15:00+00:00,USDCAD,1.3697850000
2026-05-12T19:30:00+00:00,USDCAD,1.3697750000
2026-05-12T19:45:00+00:00,USDCAD,1.3699500000
2026-05-12T20:00:00+00:00,USDCAD,1.3700750000
2026-05-12T20:15:00+00:00,USDCAD,1.3701650000
2026-05-12T20:30:00+00:00,USDCAD,1.3699900000
2026-05-12T20:45:00+00:00,USDCAD,1.3696500000
2026-05-12T21:00:00+00:00,USDCAD,1.3696300000
2026-05-12T21:15:00+00:00,USDCAD,1.3697650000
2026-05-12T21:30:00+00:00,USDCAD,1.3696250000
2026-05-12T21:45:00+00:00,USDCAD,1.3696450000
2026-05-12T22:00:00+00:00,USDCAD,1.3696550000
2026-05-12T22:15:00+00:00,USDCAD,1.3694350000
2026-05-12T22:30:00+00:00,USDCAD,1.3695350000
2026-05-12T22:45:00+00:00,USDCAD,1.3695350000
2026-05-12T23:00:00+00:00,USDCAD,1.3694650000
2026-05-12T23:15:00+00:00,USDCAD,1.3694100000
2026-05-12T23:30:00+00:00,USDCAD,1.3696700000
2026-05-12T23:45:00+00:00,USDCAD,1.3697950000
2026-05-11T00:00:00+00:00,USDJPY,156.8995000000
2026-05-11T00:15:00+00:00,USDJPY,156.8885000000
2026-05-11T00:30:00+00:00,USDJPY,156.9635000000
2026-05-11T00:45:00+00:00,USDJPY,156.9390000000
2026-05-11T01:00:00+00:00,USDJPY,156.9845000000
2026-05-11T01:15:00+00:00,USDJPY,156.9360000000
2026-05-11T01:30:00+00:00,USDJPY,157.0200000000
2026-05-11T01:45:00+00:00,USDJPY,157.0950000000
2026-05-11T02:00:00+00:00,USDJPY,157.0745000000
2026-05-11T02:15:00+00:00,USDJPY,157.0720000000
2026-05-11T02:30:00+00:00,USDJPY,157.1430000000
2026-05-11T02:45:00+00:00,USDJPY,157.1445000000
2026-05-11T03:00:00+00:00,USDJPY,157.1345000000
2026-05-11T03:15:00+00:00,USDJPY,157.1445000000
2026-05-11T03:30:00+00:00,USDJPY,157.0950000000
2026-05-11T03:45:00+00:00,USDJPY,157.1575000000
2026-05-11T04:00:00+00:00,USDJPY,157.1330000000
2026-05-11T04:15:00+00:00,USDJPY,157.1515000000
2026-05-11T04:30:00+00:00,USDJPY,157.1400000000
2026-05-11T04:45:00+00:00,USDJPY,157.1255000000
2026-05-11T05:00:00+00:00,USDJPY,157.0775000000
2026-05-11T05:15:00+00:00,USDJPY,157.0965000000
2026-05-11T05:30:00+00:00,USDJPY,157.1225000000
2026-05-11T05:45:00+00:00,USDJPY,157.1375000000
2026-05-11T06:00:00+00:00,USDJPY,157.0845000000
2026-05-11T06:15:00+00:00,USDJPY,157.0475000000
2026-05-11T06:30:00+00:00,USDJPY,157.0075000000
2026-05-11T06:45:00+00:00,USDJPY,156.9995000000
2026-05-11T07:00:00+00:00,USDJPY,157.0845000000
2026-05-11T07:15:00+00:00,USDJPY,157.0565000000
2026-05-11T07:30:00+00:00,USDJPY,157.0810000000
2026-05-11T07:45:00+00:00,USDJPY,157.1240000000
2026-05-11T08:00:00+00:00,USDJPY,157.0880000000
2026-05-11T08:15:00+00:00,USDJPY,157.0430000000
2026-05-11T08:30:00+00:00,USDJPY,157.0110000000
2026-05-11T08:45:00+00:00,USDJPY,157.0895000000
2026-05-11T09:00:00+00:00,USDJPY,157.0980000000
2026-05-11T09:15:00+00:00,USDJPY,157.1060000000
2026-05-11T09:30:00+00:00,USDJPY,157.0885000000
2026-05-11T09:45:00+00:00,USDJPY,157.1430000000
2026-05-11T10:00:00+00:00,USDJPY,157.1250000000
2026-05-11T10:15:00+00:00,USDJPY,157.1125000000
2026-05-11T10:30:00+00:00,USDJPY,157.1060000000
2026-05-11T10:45:00+00:00,USDJPY,157.1435000000
2026-05-11T11:00:00+00:00,USDJPY,157.1115000000
2026-05-11T11:15:00+00:00,USDJPY,157.0935000000
2026-05-11T11:30:00+00:00,USDJPY,157.1100000000
2026-05-11T11:45:00+00:00,USDJPY,157.1215000000
2026-05-11T12:00:00+00:00,USDJPY,157.1300000000
2026-05-11T12:15:00+00:00,USDJPY,157.0920000000
2026-05-11T12:30:00+00:00,USDJPY,157.0905000000
2026-05-11T12:45:00+00:00,USDJPY,157.1165000000
2026-05-11T13:00:00+00:00,USDJPY,157.0760000000
2026-05-11T13:15:00+00:00,USDJPY,157.0495000000
2026-05-11T13:30:00+00:00,USDJPY,157.0235000000
2026-05-11T13:45:00+00:00,USDJPY,157.0345000000
2026-05-11T14:00:00+00:00,USDJPY,157.0380000000
2026-05-11T14:15:00+00:00,USDJPY,157.0375000000
2026-05-11T14:30:00+00:00,USDJPY,157.0370000000
2026-05-11T14:45:00+00:00,USDJPY,157.0005000000
2026-05-11T15:00:00+00:00,USDJPY,157.0495000000
2026-05-11T15:15:00+00:00,USDJPY,157.0230000000
2026-05-11T15:30:00+00:00,USDJPY,157.0420000000
2026-05-11T15:45:00+00:00,USDJPY,157.0475000000
2026-05-11T16:00:00+00:00,USDJPY,157.0645000000
2026-05-11T16:15:00+00:00,USDJPY,157.1115000000
2026-05-11T16:30:00+00:00,USDJPY,157.1360000000
2026-05-11T16:45:00+00:00,USDJPY,157.1595000000
2026-05-11T17:00:00+00:00,USDJPY,157.1645000000
2026-05-11T17:15:00+00:00,USDJPY,157.1350000000
2026-05-11T17:30:00+00:00,USDJPY,157.1325000000
2026-05-11T17:45:00+00:00,USDJPY,157.1125000000
2026-05-11T18:00:00+00:00,USDJPY,157.1215000000
2026-05-11T18:15:00+00:00,USDJPY,157.1345000000
2026-05-11T18:30:00+00:00,USDJPY,157.1975000000
2026-05-11T18:45:00+00:00,USDJPY,157.2065000000
2026-05-11T19:00:00+00:00,USDJPY,157.2375000000
2026-05-11T19:15:00+00:00,USDJPY,157.2455000000
2026-05-11T19:30:00+00:00,USDJPY,157.2630000000
2026-05-11T19:45:00+00:00,USDJPY,157.2425000000
2026-05-11T20:00:00+00:00,USDJPY,157.2355000000
2026-05-11T20:15:00+00:00,USDJPY,157.2235000000
2026-05-11T20:30:00+00:00,USDJPY,157.2140000000
2026-05-11T20:45:00+00:00,USDJPY,157.1745000000
2026-05-11T21:00:00+00:00,USDJPY,157.1675000000
2026-05-11T21:15:00+00:00,USDJPY,157.2005000000
2026-05-11T21:30:00+00:00,USDJPY,157.1880000000
2026-05-11T21:45:00+00:00,USDJPY,157.1635000000
2026-05-11T22:00:00+00:00,USDJPY,157.1805000000
2026-05-11T22:15:00+00:00,USDJPY,157.1955000000
2026-05-11T22:30:00+00:00,USDJPY,157.1955000000
2026-05-11T22:45:00+00:00,USDJPY,157.1925000000
2026-05-11T23:00:00+00:00,USDJPY,157.2015000000
2026-05-11T23:15:00+00:00,USDJPY,157.2315000000
2026-05-11T23:30:00+00:00,USDJPY,157.2410000000
2026-05-11T23:45:00+00:00,USDJPY,157.2415000000
2026-05-12T00:00:00+00:00,USDJPY,157.2790000000
2026-05-12T00:15:00+00:00,USDJPY,157.2795000000
2026-05-12T00:30:00+00:00,USDJPY,157.3290000000
2026-05-12T00:45:00+00:00,USDJPY,157.4215000000
2026-05-12T01:00:00+00:00,USDJPY,157.4925000000
2026-05-12T01:15:00+00:00,USDJPY,157.5490000000
2026-05-12T01:30:00+00:00,USDJPY,157.5675000000
2026-05-12T01:45:00+00:00,USDJPY,157.5380000000
2026-05-12T02:00:00+00:00,USDJPY,157.5540000000
2026-05-12T02:15:00+00:00,USDJPY,157.5780000000
2026-05-12T02:30:00+00:00,USDJPY,157.6270000000
2026-05-12T02:45:00+00:00,USDJPY,157.5905000000
2026-05-12T03:00:00+00:00,USDJPY,157.5845000000
2026-05-12T03:15:00+00:00,USDJPY,157.5730000000
2026-05-12T03:30:00+00:00,USDJPY,157.5950000000
2026-05-12T03:45:00+00:00,USDJPY,157.6140000000
2026-05-12T04:00:00+00:00,USDJPY,157.6270000000
2026-05-12T04:15:00+00:00,USDJPY,157.6370000000
2026-05-12T04:30:00+00:00,USDJPY,157.5565000000
2026-05-12T04:45:00+00:00,USDJPY,157.5865000000
2026-05-12T05:00:00+00:00,USDJPY,157.6430000000
2026-05-12T05:15:00+00:00,USDJPY,157.6680000000
2026-05-12T05:30:00+00:00,USDJPY,157.7370000000
2026-05-12T05:45:00+00:00,USDJPY,157.3140000000
2026-05-12T06:00:00+00:00,USDJPY,157.2955000000
2026-05-12T06:15:00+00:00,USDJPY,157.4635000000
2026-05-12T06:30:00+00:00,USDJPY,157.4155000000
2026-05-12T06:45:00+00:00,USDJPY,157.5145000000
2026-05-12T07:00:00+00:00,USDJPY,157.5155000000
2026-05-12T07:15:00+00:00,USDJPY,157.4670000000
2026-05-12T07:30:00+00:00,USDJPY,157.5170000000
2026-05-12T07:45:00+00:00,USDJPY,157.5070000000
2026-05-12T08:00:00+00:00,USDJPY,157.5990000000
2026-05-12T08:15:00+00:00,USDJPY,157.6250000000
2026-05-12T08:30:00+00:00,USDJPY,157.6525000000
2026-05-12T08:45:00+00:00,USDJPY,157.6185000000
2026-05-12T09:00:00+00:00,USDJPY,157.6385000000
2026-05-12T09:15:00+00:00,USDJPY,157.6005000000
2026-05-12T09:30:00+00:00,USDJPY,157.5995000000
2026-05-12T09:45:00+00:00,USDJPY,157.5630000000
2026-05-12T10:00:00+00:00,USDJPY,157.5770000000
2026-05-12T10:15:00+00:00,USDJPY,157.5545000000
2026-05-12T10:30:00+00:00,USDJPY,157.5180000000
2026-05-12T10:45:00+00:00,USDJPY,157.5620000000
2026-05-12T11:00:00+00:00,USDJPY,157.5525000000
2026-05-12T11:15:00+00:00,USDJPY,157.5645000000
2026-05-12T11:30:00+00:00,USDJPY,157.5280000000
2026-05-12T11:45:00+00:00,USDJPY,157.5735000000
2026-05-12T12:00:00+00:00,USDJPY,157.5905000000
2026-05-12T12:15:00+00:00,USDJPY,157.5830000000
2026-05-12T12:30:00+00:00,USDJPY,157.5525000000
2026-05-12T12:45:00+00:00,USDJPY,157.5540000000
2026-05-12T13:00:00+00:00,USDJPY,157.5790000000
2026-05-12T13:15:00+00:00,USDJPY,157.5815000000
2026-05-12T13:30:00+00:00,USDJPY,157.6125000000
2026-05-12T13:45:00+00:00,USDJPY,157.6520000000
2026-05-12T14:00:00+00:00,USDJPY,157.5785000000
2026-05-12T14:15:00+00:00,USDJPY,157.6045000000
2026-05-12T14:30:00+00:00,USDJPY,157.6125000000
2026-05-12T14:45:00+00:00,USDJPY,157.6245000000
2026-05-12T15:00:00+00:00,USDJPY,157.6765000000
2026-05-12T15:15:00+00:00,USDJPY,157.7485000000
2026-05-12T15:30:00+00:00,USDJPY,157.6915000000
2026-05-12T15:45:00+00:00,USDJPY,157.7110000000
2026-05-12T16:00:00+00:00,USDJPY,157.7135000000
2026-05-12T16:15:00+00:00,USDJPY,157.7020000000
2026-05-12T16:30:00+00:00,USDJPY,157.7175000000
2026-05-12T16:45:00+00:00,USDJPY,157.7520000000
2026-05-12T17:00:00+00:00,USDJPY,157.7260000000
2026-05-12T17:15:00+00:00,USDJPY,157.7025000000
2026-05-12T17:30:00+00:00,USDJPY,157.6945000000
2026-05-12T17:45:00+00:00,USDJPY,157.6945000000
2026-05-12T18:00:00+00:00,USDJPY,157.6940000000
2026-05-12T18:15:00+00:00,USDJPY,157.6100000000
2026-05-12T18:30:00+00:00,USDJPY,157.6195000000
2026-05-12T18:45:00+00:00,USDJPY,157.5940000000
2026-05-12T19:00:00+00:00,USDJPY,157.5695000000
2026-05-12T19:15:00+00:00,USDJPY,157.5665000000
2026-05-12T19:30:00+00:00,USDJPY,157.5635000000
2026-05-12T19:45:00+00:00,USDJPY,157.6360000000
2026-05-12T20:00:00+00:00,USDJPY,157.6340000000
2026-05-12T20:15:00+00:00,USDJPY,157.6355000000
2026-05-12T20:30:00+00:00,USDJPY,157.6540000000
2026-05-12T20:45:00+00:00,USDJPY,157.6230000000
2026-05-12T21:00:00+00:00,USDJPY,157.6155000000
2026-05-12T21:15:00+00:00,USDJPY,157.6130000000
2026-05-12T21:30:00+00:00,USDJPY,157.6075000000
2026-05-12T21:45:00+00:00,USDJPY,157.5810000000
2026-05-12T22:00:00+00:00,USDJPY,157.6130000000
2026-05-12T22:15:00+00:00,USDJPY,157.6030000000
2026-05-12T22:30:00+00:00,USDJPY,157.6055000000
2026-05-12T22:45:00+00:00,USDJPY,157.6020000000
2026-05-12T23:00:00+00:00,USDJPY,157.5995000000
2026-05-12T23:15:00+00:00,USDJPY,157.6065000000
2026-05-12T23:30:00+00:00,USDJPY,157.6150000000
2026-05-12T23:45:00+00:00,USDJPY,157.6725000000
2026-05-11T00:00:00+00:00,XAGUSD,79.9695000000
2026-05-11T00:15:00+00:00,XAGUSD,80.0980000000
2026-05-11T00:30:00+00:00,XAGUSD,80.2570000000
2026-05-11T00:45:00+00:00,XAGUSD,80.0242000000
2026-05-11T01:00:00+00:00,XAGUSD,79.9915000000
2026-05-11T01:15:00+00:00,XAGUSD,80.6405000000
2026-05-11T01:30:00+00:00,XAGUSD,80.7215000000
2026-05-11T01:45:00+00:00,XAGUSD,80.8075000000
2026-05-11T02:00:00+00:00,XAGUSD,80.9530000000
2026-05-11T02:15:00+00:00,XAGUSD,81.0810000000
2026-05-11T02:30:00+00:00,XAGUSD,81.2930000000
2026-05-11T02:45:00+00:00,XAGUSD,80.9640000000
2026-05-11T03:00:00+00:00,XAGUSD,81.0370000000
2026-05-11T03:15:00+00:00,XAGUSD,80.9835000000
2026-05-11T03:30:00+00:00,XAGUSD,80.7608500000
2026-05-11T03:45:00+00:00,XAGUSD,80.6537500000
2026-05-11T04:00:00+00:00,XAGUSD,80.5275000000
2026-05-11T04:15:00+00:00,XAGUSD,80.4300000000
2026-05-11T04:30:00+00:00,XAGUSD,80.4010000000
2026-05-11T04:45:00+00:00,XAGUSD,80.3228000000
2026-05-11T05:00:00+00:00,XAGUSD,80.3470000000
2026-05-11T05:15:00+00:00,XAGUSD,80.1755000000
2026-05-11T05:30:00+00:00,XAGUSD,80.0595000000
2026-05-11T05:45:00+00:00,XAGUSD,79.9025000000
2026-05-11T06:00:00+00:00,XAGUSD,80.2975000000
2026-05-11T06:15:00+00:00,XAGUSD,80.4455500000
2026-05-11T06:30:00+00:00,XAGUSD,80.5125000000
2026-05-11T06:45:00+00:00,XAGUSD,80.6207000000
2026-05-11T07:00:00+00:00,XAGUSD,80.4385000000
2026-05-11T07:15:00+00:00,XAGUSD,80.5280000000
2026-05-11T07:30:00+00:00,XAGUSD,80.3775000000
2026-05-11T07:45:00+00:00,XAGUSD,80.3005000000
2026-05-11T08:00:00+00:00,XAGUSD,80.4660000000
2026-05-11T08:15:00+00:00,XAGUSD,80.4065000000
2026-05-11T08:30:00+00:00,XAGUSD,80.4005000000
2026-05-11T08:45:00+00:00,XAGUSD,80.2879500000
2026-05-11T09:00:00+00:00,XAGUSD,80.3005000000
2026-05-11T09:15:00+00:00,XAGUSD,80.1300000000
2026-05-11T09:30:00+00:00,XAGUSD,80.3140000000
2026-05-11T09:45:00+00:00,XAGUSD,80.1205000000
2026-05-11T10:00:00+00:00,XAGUSD,80.2530000000
2026-05-11T10:15:00+00:00,XAGUSD,80.3826000000
2026-05-11T10:30:00+00:00,XAGUSD,80.4655000000
2026-05-11T10:45:00+00:00,XAGUSD,80.3790000000
2026-05-11T11:00:00+00:00,XAGUSD,80.4630000000
2026-05-11T11:15:00+00:00,XAGUSD,80.6165000000
2026-05-11T11:30:00+00:00,XAGUSD,81.1870000000
2026-05-11T11:45:00+00:00,XAGUSD,81.3390500000
2026-05-11T12:00:00+00:00,XAGUSD,81.1185000000
2026-05-11T12:15:00+00:00,XAGUSD,82.8395000000
2026-05-11T12:30:00+00:00,XAGUSD,82.7705000000
2026-05-11T12:45:00+00:00,XAGUSD,83.6290000000
2026-05-11T13:00:00+00:00,XAGUSD,85.0975000000
2026-05-11T13:15:00+00:00,XAGUSD,85.1835000000
2026-05-11T13:30:00+00:00,XAGUSD,85.7922500000
2026-05-11T13:45:00+00:00,XAGUSD,85.5405000000
2026-05-11T14:00:00+00:00,XAGUSD,85.0667500000
2026-05-11T14:15:00+00:00,XAGUSD,84.5949500000
2026-05-11T14:30:00+00:00,XAGUSD,84.9505000000
2026-05-11T14:45:00+00:00,XAGUSD,84.8947500000
2026-05-11T15:00:00+00:00,XAGUSD,85.2005000000
2026-05-11T15:15:00+00:00,XAGUSD,85.6702000000
2026-05-11T15:30:00+00:00,XAGUSD,85.7123000000
2026-05-11T15:45:00+00:00,XAGUSD,85.9590000000
2026-05-11T16:00:00+00:00,XAGUSD,85.6534000000
2026-05-11T16:15:00+00:00,XAGUSD,85.5037000000
2026-05-11T16:30:00+00:00,XAGUSD,85.0750000000
2026-05-11T16:45:00+00:00,XAGUSD,85.1973500000
2026-05-11T17:00:00+00:00,XAGUSD,85.0266000000
2026-05-11T17:15:00+00:00,XAGUSD,85.3825000000
2026-05-11T17:30:00+00:00,XAGUSD,85.5620000000
2026-05-11T17:45:00+00:00,XAGUSD,85.6515500000
2026-05-11T18:00:00+00:00,XAGUSD,85.6235000000
2026-05-11T18:15:00+00:00,XAGUSD,85.8410000000
2026-05-11T18:30:00+00:00,XAGUSD,85.8642000000
2026-05-11T18:45:00+00:00,XAGUSD,85.7938000000
2026-05-11T19:00:00+00:00,XAGUSD,85.9625000000
2026-05-11T19:15:00+00:00,XAGUSD,86.0035000000
2026-05-11T19:30:00+00:00,XAGUSD,86.0435000000
2026-05-11T19:45:00+00:00,XAGUSD,86.1674500000
2026-05-11T20:00:00+00:00,XAGUSD,85.8535000000
2026-05-11T20:15:00+00:00,XAGUSD,85.9995000000
2026-05-11T20:30:00+00:00,XAGUSD,86.1780000000
2026-05-11T20:45:00+00:00,XAGUSD,85.9242500000
2026-05-11T21:00:00+00:00,XAGUSD,84.8955000000
2026-05-11T22:00:00+00:00,XAGUSD,86.2125000000
2026-05-11T22:15:00+00:00,XAGUSD,86.3512500000
2026-05-11T22:30:00+00:00,XAGUSD,86.7417000000
2026-05-11T22:45:00+00:00,XAGUSD,86.8925000000
2026-05-11T23:00:00+00:00,XAGUSD,86.3745000000
2026-05-11T23:15:00+00:00,XAGUSD,86.6322500000
2026-05-11T23:30:00+00:00,XAGUSD,86.8550000000
2026-05-11T23:45:00+00:00,XAGUSD,87.1590000000
2026-05-12T00:00:00+00:00,XAGUSD,86.7360000000
2026-05-12T00:15:00+00:00,XAGUSD,86.5745000000
2026-05-12T00:30:00+00:00,XAGUSD,86.3170000000
2026-05-12T00:45:00+00:00,XAGUSD,86.0375000000
2026-05-12T01:00:00+00:00,XAGUSD,86.7640000000
2026-05-12T01:15:00+00:00,XAGUSD,86.3860000000
2026-05-12T01:30:00+00:00,XAGUSD,86.1045000000
2026-05-12T01:45:00+00:00,XAGUSD,86.0385000000
2026-05-12T02:00:00+00:00,XAGUSD,86.3092000000
2026-05-12T02:15:00+00:00,XAGUSD,86.0650000000
2026-05-12T02:30:00+00:00,XAGUSD,85.9825000000
2026-05-12T02:45:00+00:00,XAGUSD,86.3130000000
2026-05-12T03:00:00+00:00,XAGUSD,86.3020000000
2026-05-12T03:15:00+00:00,XAGUSD,86.0490000000
2026-05-12T03:30:00+00:00,XAGUSD,86.2790000000
2026-05-12T03:45:00+00:00,XAGUSD,86.1330000000
2026-05-12T04:00:00+00:00,XAGUSD,86.2665000000
2026-05-12T04:15:00+00:00,XAGUSD,86.1652000000
2026-05-12T04:30:00+00:00,XAGUSD,86.2675000000
2026-05-12T04:45:00+00:00,XAGUSD,86.0395000000
2026-05-12T05:00:00+00:00,XAGUSD,85.7632000000
2026-05-12T05:15:00+00:00,XAGUSD,85.8327000000
2026-05-12T05:30:00+00:00,XAGUSD,85.5995000000
2026-05-12T05:45:00+00:00,XAGUSD,85.5075000000
2026-05-12T06:00:00+00:00,XAGUSD,84.8355000000
2026-05-12T06:15:00+00:00,XAGUSD,84.6865500000
2026-05-12T06:30:00+00:00,XAGUSD,84.4650000000
2026-05-12T06:45:00+00:00,XAGUSD,84.1905000000
2026-05-12T07:00:00+00:00,XAGUSD,84.1372500000
2026-05-12T07:15:00+00:00,XAGUSD,84.2356000000
2026-05-12T07:30:00+00:00,XAGUSD,84.3130000000
2026-05-12T07:45:00+00:00,XAGUSD,84.4855000000
2026-05-12T08:00:00+00:00,XAGUSD,84.1950000000
2026-05-12T08:15:00+00:00,XAGUSD,84.2915000000
2026-05-12T08:30:00+00:00,XAGUSD,84.1950000000
2026-05-12T08:45:00+00:00,XAGUSD,84.3186000000
2026-05-12T09:00:00+00:00,XAGUSD,84.0650000000
2026-05-12T09:15:00+00:00,XAGUSD,83.9977000000
2026-05-12T09:30:00+00:00,XAGUSD,84.0160000000
2026-05-12T09:45:00+00:00,XAGUSD,83.9350000000
2026-05-12T10:00:00+00:00,XAGUSD,84.3590000000
2026-05-12T10:15:00+00:00,XAGUSD,84.0150000000
2026-05-12T10:30:00+00:00,XAGUSD,83.6450000000
2026-05-12T10:45:00+00:00,XAGUSD,83.7055000000
2026-05-12T11:00:00+00:00,XAGUSD,83.3875000000
2026-05-12T11:15:00+00:00,XAGUSD,83.5975000000
2026-05-12T11:30:00+00:00,XAGUSD,83.9105000000
2026-05-12T11:45:00+00:00,XAGUSD,84.1240000000
2026-05-12T12:00:00+00:00,XAGUSD,83.6380000000
2026-05-12T12:15:00+00:00,XAGUSD,83.9230000000
2026-05-12T12:30:00+00:00,XAGUSD,84.2770000000
2026-05-12T12:45:00+00:00,XAGUSD,84.4518000000
2026-05-12T13:00:00+00:00,XAGUSD,84.3835000000
2026-05-12T13:15:00+00:00,XAGUSD,84.5357500000
2026-05-12T13:30:00+00:00,XAGUSD,85.2570000000
2026-05-12T13:45:00+00:00,XAGUSD,84.5040000000
2026-05-12T14:00:00+00:00,XAGUSD,85.3630000000
2026-05-12T14:15:00+00:00,XAGUSD,85.0395000000
2026-05-12T14:30:00+00:00,XAGUSD,85.0170000000
2026-05-12T14:45:00+00:00,XAGUSD,84.3785000000
2026-05-12T15:00:00+00:00,XAGUSD,84.0800000000
2026-05-12T15:15:00+00:00,XAGUSD,83.6535000000
2026-05-12T15:30:00+00:00,XAGUSD,84.1272500000
2026-05-12T15:45:00+00:00,XAGUSD,84.1884000000
2026-05-12T16:00:00+00:00,XAGUSD,84.5199500000
2026-05-12T16:15:00+00:00,XAGUSD,84.4160000000
2026-05-12T16:30:00+00:00,XAGUSD,84.3550000000
2026-05-12T16:45:00+00:00,XAGUSD,84.6475000000
2026-05-12T17:00:00+00:00,XAGUSD,84.9380000000
2026-05-12T17:15:00+00:00,XAGUSD,84.9330000000
2026-05-12T17:30:00+00:00,XAGUSD,85.2845000000
2026-05-12T17:45:00+00:00,XAGUSD,85.0990000000
2026-05-12T18:00:00+00:00,XAGUSD,85.0546500000
2026-05-12T18:15:00+00:00,XAGUSD,85.3915000000
2026-05-12T18:30:00+00:00,XAGUSD,85.8910000000
2026-05-12T18:45:00+00:00,XAGUSD,86.1008500000
2026-05-12T19:00:00+00:00,XAGUSD,86.3685000000
2026-05-12T19:15:00+00:00,XAGUSD,86.3140000000
2026-05-12T19:30:00+00:00,XAGUSD,86.6140000000
2026-05-12T19:45:00+00:00,XAGUSD,86.7770000000
2026-05-12T20:00:00+00:00,XAGUSD,86.6855000000
2026-05-12T20:15:00+00:00,XAGUSD,86.6089500000
2026-05-12T20:30:00+00:00,XAGUSD,86.6105000000
2026-05-12T20:45:00+00:00,XAGUSD,86.6778000000
2026-05-12T21:00:00+00:00,XAGUSD,86.6778000000
2026-05-12T22:00:00+00:00,XAGUSD,86.7171000000
2026-05-12T22:15:00+00:00,XAGUSD,86.8547500000
2026-05-12T22:30:00+00:00,XAGUSD,86.7945000000
2026-05-12T22:45:00+00:00,XAGUSD,86.7678500000
2026-05-12T23:00:00+00:00,XAGUSD,86.7237500000
2026-05-12T23:15:00+00:00,XAGUSD,86.8405000000
2026-05-12T23:30:00+00:00,XAGUSD,87.0790000000
2026-05-12T23:45:00+00:00,XAGUSD,87.1647000000
2026-05-11T00:00:00+00:00,XAUUSD,4682.7730000000
2026-05-11T00:15:00+00:00,XAUUSD,4683.6550000000
2026-05-11T00:30:00+00:00,XAUUSD,4689.1625000000
2026-05-11T00:45:00+00:00,XAUUSD,4683.6700000000
2026-05-11T01:00:00+00:00,XAUUSD,4692.1750000000
2026-05-11T01:15:00+00:00,XAUUSD,4698.9750000000
2026-05-11T01:30:00+00:00,XAUUSD,4694.4925000000
2026-05-11T01:45:00+00:00,XAUUSD,4685.7600000000
2026-05-11T02:00:00+00:00,XAUUSD,4686.1400000000
2026-05-11T02:15:00+00:00,XAUUSD,4688.5680000000
2026-05-11T02:30:00+00:00,XAUUSD,4688.6500000000
2026-05-11T02:45:00+00:00,XAUUSD,4681.7550000000
2026-05-11T03:00:00+00:00,XAUUSD,4687.2175000000
2026-05-11T03:15:00+00:00,XAUUSD,4689.5675000000
2026-05-11T03:30:00+00:00,XAUUSD,4687.8650000000
2026-05-11T03:45:00+00:00,XAUUSD,4678.7220000000
2026-05-11T04:00:00+00:00,XAUUSD,4677.5550000000
2026-05-11T04:15:00+00:00,XAUUSD,4671.8920000000
2026-05-11T04:30:00+00:00,XAUUSD,4673.1250000000
2026-05-11T04:45:00+00:00,XAUUSD,4672.1375000000
2026-05-11T05:00:00+00:00,XAUUSD,4673.5170000000
2026-05-11T05:15:00+00:00,XAUUSD,4670.8000000000
2026-05-11T05:30:00+00:00,XAUUSD,4663.8880000000
2026-05-11T05:45:00+00:00,XAUUSD,4652.3650000000
2026-05-11T06:00:00+00:00,XAUUSD,4665.4150000000
2026-05-11T06:15:00+00:00,XAUUSD,4667.4575000000
2026-05-11T06:30:00+00:00,XAUUSD,4674.4395000000
2026-05-11T06:45:00+00:00,XAUUSD,4678.5075000000
2026-05-11T07:00:00+00:00,XAUUSD,4676.1225000000
2026-05-11T07:15:00+00:00,XAUUSD,4675.8900000000
2026-05-11T07:30:00+00:00,XAUUSD,4672.0855000000
2026-05-11T07:45:00+00:00,XAUUSD,4667.8300000000
2026-05-11T08:00:00+00:00,XAUUSD,4672.0975000000
2026-05-11T08:15:00+00:00,XAUUSD,4671.7850000000
2026-05-11T08:30:00+00:00,XAUUSD,4670.4850000000
2026-05-11T08:45:00+00:00,XAUUSD,4667.6425000000
2026-05-11T09:00:00+00:00,XAUUSD,4667.6350000000
2026-05-11T09:15:00+00:00,XAUUSD,4657.6725000000
2026-05-11T09:30:00+00:00,XAUUSD,4662.9650000000
2026-05-11T09:45:00+00:00,XAUUSD,4656.8455000000
2026-05-11T10:00:00+00:00,XAUUSD,4662.6175000000
2026-05-11T10:15:00+00:00,XAUUSD,4663.4750000000
2026-05-11T10:30:00+00:00,XAUUSD,4663.4875000000
2026-05-11T10:45:00+00:00,XAUUSD,4664.0325000000
2026-05-11T11:00:00+00:00,XAUUSD,4669.5025000000
2026-05-11T11:15:00+00:00,XAUUSD,4671.9950000000
2026-05-11T11:30:00+00:00,XAUUSD,4674.5225000000
2026-05-11T11:45:00+00:00,XAUUSD,4674.5650000000
2026-05-11T12:00:00+00:00,XAUUSD,4668.5075000000
2026-05-11T12:15:00+00:00,XAUUSD,4690.7900000000
2026-05-11T12:30:00+00:00,XAUUSD,4692.3155000000
2026-05-11T12:45:00+00:00,XAUUSD,4700.0820000000
2026-05-11T13:00:00+00:00,XAUUSD,4721.1425000000
2026-05-11T13:15:00+00:00,XAUUSD,4728.5200000000
2026-05-11T13:30:00+00:00,XAUUSD,4743.8310000000
2026-05-11T13:45:00+00:00,XAUUSD,4736.1400000000
2026-05-11T14:00:00+00:00,XAUUSD,4731.0175000000
2026-05-11T14:15:00+00:00,XAUUSD,4725.1500000000
2026-05-11T14:30:00+00:00,XAUUSD,4732.5825000000
2026-05-11T14:45:00+00:00,XAUUSD,4725.6300000000
2026-05-11T15:00:00+00:00,XAUUSD,4728.5975000000
2026-05-11T15:15:00+00:00,XAUUSD,4733.0000000000
2026-05-11T15:30:00+00:00,XAUUSD,4727.4825000000
2026-05-11T15:45:00+00:00,XAUUSD,4732.2860000000
2026-05-11T16:00:00+00:00,XAUUSD,4727.9300000000
2026-05-11T16:15:00+00:00,XAUUSD,4724.0500000000
2026-05-11T16:30:00+00:00,XAUUSD,4711.4600000000
2026-05-11T16:45:00+00:00,XAUUSD,4716.6100000000
2026-05-11T17:00:00+00:00,XAUUSD,4718.4275000000
2026-05-11T17:15:00+00:00,XAUUSD,4718.2270000000
2026-05-11T17:30:00+00:00,XAUUSD,4724.0115000000
2026-05-11T17:45:00+00:00,XAUUSD,4723.7900000000
2026-05-11T18:00:00+00:00,XAUUSD,4723.6025000000
2026-05-11T18:15:00+00:00,XAUUSD,4727.3025000000
2026-05-11T18:30:00+00:00,XAUUSD,4727.0050000000
2026-05-11T18:45:00+00:00,XAUUSD,4725.0800000000
2026-05-11T19:00:00+00:00,XAUUSD,4724.9500000000
2026-05-11T19:15:00+00:00,XAUUSD,4724.3775000000
2026-05-11T19:30:00+00:00,XAUUSD,4727.0600000000
2026-05-11T19:45:00+00:00,XAUUSD,4733.6375000000
2026-05-11T20:00:00+00:00,XAUUSD,4735.1125000000
2026-05-11T20:15:00+00:00,XAUUSD,4735.4450000000
2026-05-11T20:30:00+00:00,XAUUSD,4737.6200000000
2026-05-11T20:45:00+00:00,XAUUSD,4735.7100000000
2026-05-11T21:00:00+00:00,XAUUSD,4735.6725000000
2026-05-11T22:00:00+00:00,XAUUSD,4739.2100000000
2026-05-11T22:15:00+00:00,XAUUSD,4739.9695000000
2026-05-11T22:30:00+00:00,XAUUSD,4744.8750000000
2026-05-11T22:45:00+00:00,XAUUSD,4751.0115000000
2026-05-11T23:00:00+00:00,XAUUSD,4751.2700000000
2026-05-11T23:15:00+00:00,XAUUSD,4753.0250000000
2026-05-11T23:30:00+00:00,XAUUSD,4756.0750000000
2026-05-11T23:45:00+00:00,XAUUSD,4767.4685000000
2026-05-12T00:00:00+00:00,XAUUSD,4767.0975000000
2026-05-12T00:15:00+00:00,XAUUSD,4762.4195000000
2026-05-12T00:30:00+00:00,XAUUSD,4758.0175000000
2026-05-12T00:45:00+00:00,XAUUSD,4749.3500000000
2026-05-12T01:00:00+00:00,XAUUSD,4746.3375000000
2026-05-12T01:15:00+00:00,XAUUSD,4735.2725000000
2026-05-12T01:30:00+00:00,XAUUSD,4729.5480000000
2026-05-12T01:45:00+00:00,XAUUSD,4727.3450000000
2026-05-12T02:00:00+00:00,XAUUSD,4731.5975000000
2026-05-12T02:15:00+00:00,XAUUSD,4727.1660000000
2026-05-12T02:30:00+00:00,XAUUSD,4731.8880000000
2026-05-12T02:45:00+00:00,XAUUSD,4730.0450000000
2026-05-12T03:00:00+00:00,XAUUSD,4731.2055000000
2026-05-12T03:15:00+00:00,XAUUSD,4724.0525000000
2026-05-12T03:30:00+00:00,XAUUSD,4724.1810000000
2026-05-12T03:45:00+00:00,XAUUSD,4720.2850000000
2026-05-12T04:00:00+00:00,XAUUSD,4722.0550000000
2026-05-12T04:15:00+00:00,XAUUSD,4722.6300000000
2026-05-12T04:30:00+00:00,XAUUSD,4724.7975000000
2026-05-12T04:45:00+00:00,XAUUSD,4714.2450000000
2026-05-12T05:00:00+00:00,XAUUSD,4712.4470000000
2026-05-12T05:15:00+00:00,XAUUSD,4715.4175000000
2026-05-12T05:30:00+00:00,XAUUSD,4715.2100000000
2026-05-12T05:45:00+00:00,XAUUSD,4714.4125000000
2026-05-12T06:00:00+00:00,XAUUSD,4705.3075000000
2026-05-12T06:15:00+00:00,XAUUSD,4696.1450000000
2026-05-12T06:30:00+00:00,XAUUSD,4702.5500000000
2026-05-12T06:45:00+00:00,XAUUSD,4697.1725000000
2026-05-12T07:00:00+00:00,XAUUSD,4696.0115000000
2026-05-12T07:15:00+00:00,XAUUSD,4697.9950000000
2026-05-12T07:30:00+00:00,XAUUSD,4700.4700000000
2026-05-12T07:45:00+00:00,XAUUSD,4699.9510000000
2026-05-12T08:00:00+00:00,XAUUSD,4699.7600000000
2026-05-12T08:15:00+00:00,XAUUSD,4703.0200000000
2026-05-12T08:30:00+00:00,XAUUSD,4700.1175000000
2026-05-12T08:45:00+00:00,XAUUSD,4703.4530000000
2026-05-12T09:00:00+00:00,XAUUSD,4698.0700000000
2026-05-12T09:15:00+00:00,XAUUSD,4699.7600000000
2026-05-12T09:30:00+00:00,XAUUSD,4695.4025000000
2026-05-12T09:45:00+00:00,XAUUSD,4699.5900000000
2026-05-12T10:00:00+00:00,XAUUSD,4705.0960000000
2026-05-12T10:15:00+00:00,XAUUSD,4700.2650000000
2026-05-12T10:30:00+00:00,XAUUSD,4690.7750000000
2026-05-12T10:45:00+00:00,XAUUSD,4694.4700000000
2026-05-12T11:00:00+00:00,XAUUSD,4691.7675000000
2026-05-12T11:15:00+00:00,XAUUSD,4700.1810000000
2026-05-12T11:30:00+00:00,XAUUSD,4704.3550000000
2026-05-12T11:45:00+00:00,XAUUSD,4706.7125000000
2026-05-12T12:00:00+00:00,XAUUSD,4705.7755000000
2026-05-12T12:15:00+00:00,XAUUSD,4697.3680000000
2026-05-12T12:30:00+00:00,XAUUSD,4702.8665000000
2026-05-12T12:45:00+00:00,XAUUSD,4705.7925000000
2026-05-12T13:00:00+00:00,XAUUSD,4689.0600000000
2026-05-12T13:15:00+00:00,XAUUSD,4690.9525000000
2026-05-12T13:30:00+00:00,XAUUSD,4699.3020000000
2026-05-12T13:45:00+00:00,XAUUSD,4679.2845000000
2026-05-12T14:00:00+00:00,XAUUSD,4692.9325000000
2026-05-12T14:15:00+00:00,XAUUSD,4683.3855000000
2026-05-12T14:30:00+00:00,XAUUSD,4685.8925000000
2026-05-12T14:45:00+00:00,XAUUSD,4672.9575000000
2026-05-12T15:00:00+00:00,XAUUSD,4664.6175000000
2026-05-12T15:15:00+00:00,XAUUSD,4656.0880000000
2026-05-12T15:30:00+00:00,XAUUSD,4665.6775000000
2026-05-12T15:45:00+00:00,XAUUSD,4666.2260000000
2026-05-12T16:00:00+00:00,XAUUSD,4672.0000000000
2026-05-12T16:15:00+00:00,XAUUSD,4668.3875000000
2026-05-12T16:30:00+00:00,XAUUSD,4669.9150000000
2026-05-12T16:45:00+00:00,XAUUSD,4671.2695000000
2026-05-12T17:00:00+00:00,XAUUSD,4677.2725000000
2026-05-12T17:15:00+00:00,XAUUSD,4679.4375000000
2026-05-12T17:30:00+00:00,XAUUSD,4679.7650000000
2026-05-12T17:45:00+00:00,XAUUSD,4678.8990000000
2026-05-12T18:00:00+00:00,XAUUSD,4681.4100000000
2026-05-12T18:15:00+00:00,XAUUSD,4685.3375000000
2026-05-12T18:30:00+00:00,XAUUSD,4695.3000000000
2026-05-12T18:45:00+00:00,XAUUSD,4696.0950000000
2026-05-12T19:00:00+00:00,XAUUSD,4699.9775000000
2026-05-12T19:15:00+00:00,XAUUSD,4703.5575000000
2026-05-12T19:30:00+00:00,XAUUSD,4709.4275000000
2026-05-12T19:45:00+00:00,XAUUSD,4715.6825000000
2026-05-12T20:00:00+00:00,XAUUSD,4713.5675000000
2026-05-12T20:15:00+00:00,XAUUSD,4713.3175000000
2026-05-12T20:30:00+00:00,XAUUSD,4714.8300000000
2026-05-12T20:45:00+00:00,XAUUSD,4715.1300000000
2026-05-12T21:00:00+00:00,XAUUSD,4715.0200000000
2026-05-12T22:00:00+00:00,XAUUSD,4714.7000000000
2026-05-12T22:15:00+00:00,XAUUSD,4717.2025000000
2026-05-12T22:30:00+00:00,XAUUSD,4716.4840000000
2026-05-12T22:45:00+00:00,XAUUSD,4717.1050000000
2026-05-12T23:00:00+00:00,XAUUSD,4717.7870000000
2026-05-12T23:15:00+00:00,XAUUSD,4720.3860000000
2026-05-12T23:30:00+00:00,XAUUSD,4721.2880000000
2026-05-12T23:45:00+00:00,XAUUSD,4717.0515000000
